Security Name (Fund);SPYI;AVWC
Apple Inc.;4,508323886;3,757808862
NVIDIA Corporation;5,784997953;3,609691678
Microsoft Corporation;4,686093465;3,168770809
Amazon.com Inc.;2,834433015;2,523486348
Meta Platforms Inc Class A;2,202153817;2,4011658
Alphabet Inc. Class A;1,645506334;1,455340515
Alphabet Inc. Class C;1,331840406;1,177257939
JPMorgan Chase & Co.;1,123415423;1,121679456
Exxon Mobil Corporation;0,607437478;0,806014927
Costco Wholesale Corporation;0,578329677;0,743061041
Chevron Corporation;0,460878551;0,652878137
Broadcom Inc.;1,75313366;0,622374198
Visa Inc. Class A;0,737724915;0,602337839
Walmart Inc.;0,533047521;0,589892249
Mastercard Incorporated Class A;0,627867414;0,57584079
Johnson & Johnson;0,502044267;0,569966537
Netflix Inc.;0,687280144;0,562291096
Berkshire Hathaway Inc. Class B;0,807300108;0,513638026
Tesla Inc.;1,299781789;0,500126937
Home Depot Inc.;0,55230133;0,496724524
Eli Lilly and Company;0,744419381;0,486789666
Caterpillar Inc.;0,345507959;0,480108878
Wells Fargo & Company;0,404500645;0,472286855
Gilead Sciences Inc.;0,220624663;0,469199414
AT&T Inc;0,282102177;0,462859472
Verizon Communications Inc.;0,22674288;0,456292656
TJX Companies Inc;0,252230419;0,419362599
Royal Caribbean Group;0,156546809;0,384520028
Bank of America Corp;0,50466561;0,384039451
Lam Research Corporation;0,207885488;0,368356529
AbbVie Inc.;0,53044193;0,360659924
Deere & Company;0,211101457;0,359832882
Capital One Financial Corp;0,257063561;0,357550913
ConocoPhillips;0,184462732;0,349376192
Oracle Corporation;0,488865357;0,338998295
Union Pacific Corporation;0,158385818;0,335437349
QUALCOMM Incorporated;0,252204166;0,315530523
Palantir Technologies Inc. Class A;0,457148027;0,309045961
Goldman Sachs Group Inc.;0,377892111;0,305176794
Comcast Corporation Class A;0,202000921;0,292242368
Progressive Corporation;0,239377044;0,290807629
Roche Holding Ltd Dividend Right Cert.;0,260803273;0,289269032
Applied Materials Inc.;0,185564038;0,280791159
MercadoLibre Inc.;0,154144677;0,28016978
T-Mobile US Inc.;0,152711273;0,275495036
Merck & Co. Inc.;0,259199227;0,268454819
Rheinmetall AG;0,110097715;0,261896845
Travelers Companies Inc.;0,114340169;0,252151746
KLA Corporation;0,188866641;0,251612735
Procter & Gamble Company;0,433264534;0,248464276
Williams Companies Inc.;0,097321786;0,244390184
Cheniere Energy Inc.;0,096735035;0,234182951
Citigroup Inc.;0,312489802;0,232185397
Charles Schwab Corp;0,22422261;0,229629701
CSX Corporation;0,126169684;0,226836409
Fastenal Company;0,007588374;0,226188366
Morgan Stanley;0,234815619;0,226021859
Ameriprise Financial Inc.;0,067049672;0,223438921
General Motors Company;0,106346188;0,219865444
EOG Resources Inc.;0,127630653;0,219255771
UniCredit S.p.A.;0,215148327;0,213790399
Kroger Co.;0,115425722;0,203819144
Zurich Insurance Group Ltd;0,078745298;0,202414051
Ross Stores Inc.;0,124108839;0,199479799
IDEXX Laboratories Inc.;0,079360927;0,198904937
Automatic Data Processing Inc.;0,192682486;0,198838405
Cummins Inc.;0,141430441;0,19644331
PACCAR Inc;0,010914605;0,194939427
Marathon Petroleum Corporation;0,118685008;0,194749306
Hartford Insurance Group Inc.;0,057691859;0,193228019
Delta Air Lines Inc.;0,002533396;0,19322255
American Express Company;0,218200216;0,192937756
W.W. Grainger Inc.;0,108380781;0,191564903
American International Group Inc.;0,070866831;0,190423458
VINCI SA;0,10369203;0,189126788
Coca-Cola Company;0,325147594;0,18798952
GE Aerospace;0,416467988;0,186442386
Texas Instruments Incorporated;0,211089643;0,185251582
Vertex Pharmaceuticals Incorporated;0,138297169;0,185179781
Bank of New York Mellon Corp;0,099800051;0,183818537
United Parcel Service Inc. Class B;0,056625995;0,181330674
Targa Resources Corp.;0,002793299;0,178671944
PepsiCo Inc.;0,243131196;0,178313718
Safran SA;0,202470846;0,177000949
Walt Disney Company;0,320710869;0,174306404
Baker Hughes Company Class A;0,081144805;0,171874117
Arista Networks Inc.;0,226014365;0,171399667
Carnival Corporation;0,012971513;0,170579975
Compagnie de Saint-Gobain SA;0,083527248;0,170101342
Commonwealth Bank of Australia;0,240529542;0,169978079
Valero Energy Corporation;0,100966988;0,169865035
PNC Financial Services Group Inc.;0,132056876;0,169571058
Zoetis Inc. Class A;0,130473832;0,169470861
BlackRock Inc.;0,154824624;0,168341047
EMCOR Group Inc.;0,012530465;0,168314551
FedEx Corporation;0,111078257;0,167445414
GE Vernova Inc.;0,219775385;0,167247973
United Rentals Inc.;0,15006499;0,165205803
U.S. Bancorp;0,101838581;0,163405453
Micron Technology Inc.;0,189314251;0,163185078
United Airlines Holdings Inc.;0,01691731;0,162693135
Williams-Sonoma Inc.;0,009050656;0,162651424
Phillips 66;0,11657297;0,161957398
UBS Group AG;0,17695968;0,160873427
TE Connectivity plc;0,088486403;0,159305679
Chubb Limited;0,100074393;0,158547283
National Australia Bank Limited;0,121455992;0,158334752
Aflac Incorporated;0,010724272;0,157749824
eBay Inc.;0,10830071;0,156407276
Linde plc;0,286886751;0,1561897
Norfolk Southern Corporation;0,094159635;0,156093788
Westpac Banking Corporation;0,102842751;0,154115674
Jabil Inc.;0,003591384;0,154029727
Amgen Inc.;0,220087793;0,154026941
MetLife Inc.;0,107837348;0,151244251
Swiss Re AG;0,074459528;0,150465526
Ford Motor Company;0,073349034;0,150428115
Deutsche Telekom AG;0,148300801;0,14938807
Royal Bank of Canada;0,208360664;0,147194818
Chipotle Mexican Grill Inc.;0,110847232;0,146125795
Abbott Laboratories;0,246440362;0,146114344
Advanced Micro Devices Inc.;0,373950252;0,145400551
Cisco Systems Inc.;0,341461089;0,145367605
Deutsche Bank Aktiengesellschaft;0,101267583;0,143993561
Airbus SE;0,192308384;0,143642181
Synchrony Financial;0,00259509;0,143298921
Freeport-McMoRan Inc.;0,114449118;0,143234599
Kinross Gold Corporation;0,022052359;0,142975211
Truist Financial Corporation;0,107450119;0,142794033
Wesfarmers Limited;0,10077928;0,14153062
Vertiv Holdings Co. Class A;0,055511563;0,14057428
Comfort Systems USA Inc.;0,021237209;0,139953106
Lennar Corporation Class A;0,080403163;0,139838494
Palo Alto Networks Inc.;0,160777449;0,139620821
BNP Paribas S.A. Class A;0,165576462;0,138641464
International Business Machines Corporation;0,264751696;0,138528088
D.R. Horton Inc.;0,103510885;0,138364742
RTX Corporation;0,297515201;0,137741338
Nestle S.A.;0,310892319;0,134898517
Nucor Corporation;0,085147046;0,134724933
Tractor Supply Company;0,094363094;0,134091235
LVMH Moet Hennessy Louis Vuitton SE;0,214023394;0,132827357
NIKE Inc. Class B;0,156135952;0,132044321
3i Group plc;0,028707446;0,130519969
Motorola Solutions Inc.;0,080039562;0,130328053
Paychex Inc.;0,006366306;0,130247049
CME Group Inc. Class A;0,089133535;0,127424707
Prudential Financial Inc.;0,011203386;0,125657524
Commerzbank AG;0,024762961;0,125037114
Sprouts Farmers Market Inc.;0,022528847;0,124884252
ONEOK Inc.;0,011480353;0,123521064
Dollar General Corporation;0,060541601;0,123402225
Accenture Plc Class A;0,234789366;0,123375897
KKR & Co Inc;0,122949777;0,12265009
Adobe Inc.;0,228168407;0,122229651
AIA Group Limited;0,181559172;0,120456506
Talen Energy Corp;0,012187866;0,120323769
Waste Management Inc.;0,139511361;0,119696429
Fifth Third Bancorp;0,108249517;0,118985515
3M Company;0,139306589;0,118415834
AXA SA;0,113425258;0,116996184
Ulta Beauty Inc.;0,077688623;0,116869606
Target Corporation;0,087655502;0,115867792
ServiceNow Inc.;0,251983643;0,115410642
EQT Corporation;0,015474718;0,114443265
BASF SE;0,100184654;0,113849977
Fortinet Inc.;0,101258394;0,113344456
Allstate Corporation;0,071223869;0,113176566
Sherwin-Williams Company;0,116975951;0,113016563
Siemens Aktiengesellschaft;0,303747617;0,11295995
Standard Chartered PLC;0,108824454;0,112373641
Illinois Tool Works Inc.;0,031515184;0,111845687
Bristol-Myers Squibb Company;0,160533297;0,111473226
ANZ Group Holdings Limited;0,089549642;0,11095165
Pfizer Inc.;0,194787962;0,110874789
Booking Holdings Inc.;0,269804049;0,110508263
Arch Capital Group Ltd.;0,008950895;0,110392062
Suncor Energy Inc.;0,115430973;0,110122581
Intel Corporation;0,137753736;0,11004103
McDonald's Corporation;0,294068207;0,109401173
Raymond James Financial Inc.;0,004524672;0,109067304
Tapestry Inc.;0,088654421;0,108436846
Diamondback Energy Inc.;0,072300234;0,108348457
Tokio Marine Holdings Inc.;0,136362337;0,107620427
Corning Inc;0,152904231;0,107551609
State Street Corporation;0,117231915;0,107512001
NVR Inc.;0,002810363;0,106629769
Swiss Life Holding AG;0,077813324;0,106004419
Cognizant Technology Solutions Corporation Class A;0,051055149;0,105510754
Devon Energy Corporation;0,056711316;0,10502714
Hershey Company;0,001278512;0,104966444
Boston Scientific Corporation;0,26572305;0,103685738
Toronto-Dominion Bank;0,14798183;0,103567992
Occidental Petroleum Corporation;0,078267497;0,103491131
Cie Generale des Etablissements Michelin SA;0,064538591;0,103342288
Smurfit Westrock PLC;0,010165087;0,102705534
Steel Dynamics Inc.;0,005912132;0,102475513
Intuitive Surgical Inc.;0,214997374;0,102382451
Koninklijke Ahold Delhaize N.V.;0,014547994;0,102071224
Air Liquide SA;0,118832024;0,101993568
Fujikura Ltd;0,015524598;0,101538084
Garmin Ltd.;0,018571237;0,100557081
Carlisle Companies Incorporated;0,002721104;0,100337631
Exelon Corporation;0,005795307;0,100330601
Packaging Corporation of America;0,005096983;0,099300052
Honeywell International Inc.;0,191167699;0,099211455
Old Dominion Freight Line Inc.;0,058223478;0,099015644
Darden Restaurants Inc.;0,006974059;0,097754603
AppLovin Corp. Class A;0,150693745;0,097486247
Munchener Ruckversicherungs-Gesellschaft AG;0,140981518;0,097411545
Amphenol Corporation Class A;0,123713734;0,097104498
Salesforce Inc.;0,341883759;0,096709063
PulteGroup Inc.;0,005434331;0,096338554
Public Service Enterprise Group Inc;0,089200479;0,096319278
Allianz SE;0,221287546;0,096194435
lululemon athletica inc.;0,040112978;0,096041621
Schlumberger Limited;0,126765623;0,095850357
Moody's Corporation;0,069016008;0,095264153
Flex Ltd;0,003731837;0,09475151
BPER Banca S.p.A.;0,020751532;0,09444294
DBS Group Holdings Ltd;0,129762381;0,094210231
Huntington Bancshares Incorporated;0,002257742;0,094130944
Analog Devices Inc.;0,160121128;0,093919385
Archer-Daniels-Midland Company;0,065034769;0,093825361
Infineon Technologies AG;0,092819429;0,09284608
Kinder Morgan Inc Class P;0,090937103;0,092514714
RPM International Inc.;0,001310015;0,092428821
AerCap Holdings NV;0,007766893;0,092363056
LPL Financial Holdings Inc.;0,016162541;0,092047782
Ashtead Group plc;0,095803061;0,091207154
East West Bancorp Inc.;0,091853326;0,090845562
Kimberly-Clark Corporation;0,093743528;0,090715456
Edwards Lifesciences Corporation;0,078543152;0,090176761
ENGIE S.A.;0,093723838;0,090120024
Cencora Inc.;0,022031357;0,089877067
Repsol SA;0,002805113;0,089805168
Celestica Inc.;0,024575254;0,089757231
Canadian Imperial Bank of Commerce;0,025555796;0,089640533
M&T Bank Corporation;0,00546846;0,089247261
Verisk Analytics Inc.;0,006493632;0,088582507
Martin Marietta Materials Inc.;0,053156686;0,087971913
Northern Trust Corporation;0,002671223;0,087766754
Hitachi Ltd.;0,185491842;0,087148281
TechnipFMC plc;0,003584821;0,086883145
Cadence Design Systems Inc.;0,147036729;0,086137274
UnitedHealth Group Incorporated;0,379840069;0,085570453
Aptiv PLC;0,051985811;0,085386837
Texas Pacific Land Corporation;0,018719565;0,085161531
Bank of Nova Scotia;0,088205498;0,08495793
Mitsubishi Heavy Industries Ltd.;0,105255384;0,08486495
Uber Technologies Inc.;0,242415807;0,084410654
Coterra Energy Inc.;0,06550732;0,084227573
Monster Beverage Corporation;0,07191563;0,084134476
Rolls-Royce Holdings plc;0,217957378;0,083098135
DoorDash Inc. Class A;0,100692646;0,083017173
Parker-Hannifin Corporation;0,155133095;0,082906859
Agnico Eagle Mines Limited;0,076396985;0,082818452
Lennox International Inc.;0,082895867;0,082474279
Expeditors International of Washington Inc.;0,067044422;0,082435829
Intuit Inc.;0,244300758;0,081418917
Norwegian Cruise Line Holdings Ltd.;0,002866807;0,081220959
First Citizens BancShares Inc. Class A;0,006803415;0,081209483
Regeneron Pharmaceuticals Inc.;0,091471347;0,081014292
Paycom Software Inc.;0,003586134;0,080731122
Coinbase Global Inc. Class A;0,081727618;0,0807249
National Bank of Canada;0,083279158;0,079611901
Royal KPN NV;0,017766588;0,07954712
PG&E Corporation;0,011187634;0,07938708
Deutsche Post AG;0,065050521;0,079289299
Loews Corporation;0,089056089;0,079165109
Celsius Holdings Inc.;0,004000928;0,079113783
Trane Technologies plc;0,129109999;0,079103672
KDDI Corporation;0,08562616;0,079053439
Brambles Limited;0,003110958;0,078926719
Take-Two Interactive Software Inc.;0,024495183;0,078038243
Iberdrola SA;0,200743411;0,077757201
Markel Group Inc.;0,001363833;0,077600951
Consolidated Edison Inc.;0,006043396;0,077286276
Lowe's Companies Inc.;0,248784738;0,077167485
W. R. Berkley Corporation;0,00518493;0,076734202
Next plc;0,083900037;0,07673404
Logitech International S.A.;0,001323142;0,076197223
TDK Corporation;0,002454638;0,075980246
Kenvue Inc.;0,013150032;0,075480213
Spotify Technology SA;0,132199954;0,075270348
Sumitomo Electric Industries Ltd.;0,009034904;0,074983809
Medtronic Plc;0,18977105;0,074980842
Banco de Sabadell SA;0,009808049;0,07491171
Manulife Financial Corporation;0,01811575;0,074616469
IHI Corporation;0,015758248;0,074598042
Halliburton Company;0,054663597;0,074520329
Societe Generale S.A. Class A;0,030398127;0,073917578
RenaissanceRe Holdings Ltd.;0,006787664;0,073797603
Deutsche Boerse AG;0,129217635;0,073497877
Sompo HoldingsInc.;0,017922792;0,073249477
Mitsubishi Corporation;0,122435222;0,073199666
Banco Comercial Portugues S.A.;0,012722111;0,072990821
Anglo American plc;0,070576737;0,072620678
Sterling Infrastructure Inc.;0,006698404;0,072332087
Reliance Inc.;0,002016216;0,072285106
Owens Corning;0,072285795;0,072062445
CenterPoint Energy Inc.;0,002214424;0,072054097
Elevance Health Inc.;0,098543854;0,071972999
Atmos Energy Corporation;0,008635861;0,071643523
Autodesk Inc.;0,095167743;0,071319265
SoFi Technologies Inc;0,01909498;0,071283311
Globe Life Inc.;0,006767974;0,070711885
Everest Group Ltd.;0,002354877;0,070685482
L'Oreal S.A.;0,129964527;0,070623231
Eaton Corp. Plc;0,167601866;0,070559116
Snap-on Incorporated;0,0045588;0,070552485
BJ's Wholesale Club Holdings Inc.;0,007311407;0,070451766
Prosus N.V. Class N;0,15111379;0,070361838
Synopsys Inc.;0,126021356;0,070295747
Bank of Montreal;0,042383846;0,069809568
Marsh & McLennan Companies Inc.;0,140011477;0,069741257
Danaher Corporation;0,213315881;0,069618738
Texas Roadhouse Inc.;0,033810992;0,069463194
Blackstone Inc.;0,176470065;0,069001427
Compass Group PLC;0,084807072;0,068794637
Corteva Inc;0,090792712;0,068679288
McKesson Corporation;0,164771813;0,068336062
Industria de Diseno Textil S.A.;0,094680753;0,068066807
Copart Inc.;0,019102856;0,067892092
Lincoln Electric Holdings Inc.;0,081392894;0,067799439
Macquarie Group Ltd.;0,091231134;0,067131265
Burlington Stores Inc.;0,00520987;0,067055306
Dick's Sporting Goods Inc.;0,009348625;0,06703711
Daiichi Sankyo Company Limited;0,065446938;0,067018563
Intesa Sanpaolo S.p.A.;0,165504267;0,066956848
S&P Global Inc.;0,259690154;0,066808553
Exelixis Inc.;0,045465926;0,066412127
Strategy Inc Class A;0,117469503;0,066230249
ON Semiconductor Corporation;0,033199301;0,065988705
Fujitsu Limited;0,038936853;0,065855227
Barrick Mining Corporation;0,015721494;0,065458997
Daimler Truck Holding AG;0,004455102;0,065436016
Cenovus Energy Inc.;0,079746843;0,065416519
Siemens Energy AG;0,094095315;0,065325272
J.B. Hunt Transport Services Inc.;0,001027797;0,065230898
MTU Aero Engines AG;0,087025434;0,064836018
Constellation Brands Inc. Class A;0,004715004;0,064810346
Intercontinental Exchange Inc.;0,134227984;0,064707033
EssilorLuxottica SA;0,087780202;0,064595934
Reinsurance Group of America Incorporated;0,004637559;0,064242821
adidas AG;0,075606775;0,064192598
LyondellBasell Industries NV;0,047633095;0,064057413
Oversea-Chinese Banking Corporation Limited;0,092717043;0,06396209
Dollar Tree Inc.;0,01559023;0,063838894
Compagnie Financiere Richemont SA;0,146141508;0,063793224
Citizens Financial Group Inc.;0,002606904;0,06361742
Best Buy Co. Inc.;0,051676028;0,063575202
Dai-ichi Life HoldingsInc.;0,093146276;0,063484239
E.ON SE;0,058496507;0,063404072
Swisscom AG;0,031973295;0,063328072
CRH public limited company;0,060309264;0,063198545
NN Group N.V.;0,008559728;0,063171594
Pan American Silver Corp.;0,005137675;0,063072566
Bayerische Motoren Werke AG;0,062606385;0,063063332
Apollo Global Management Inc;0,114626324;0,06272515
Regions Financial Corporation;0,002931126;0,062546664
QBE Insurance Group Limited;0,001417652;0,062261458
Ovintiv Inc;0,001400587;0,062187747
Volvo AB Class B;0,102445021;0,062133306
Fortescue Ltd;0,008417963;0,062037948
AEON Co. Ltd.;0,013127717;0,061993108
Enel SpA;0,100275227;0,061767723
Cincinnati Financial Corporation;0,00212779;0,061463359
United Overseas Bank Limited;0,083774024;0,061261683
ABB Ltd.;0,182673603;0,061217733
Quanta Services Inc.;0,056536735;0,061103663
Equitable Holdings Inc.;0,086878418;0,060922967
United Therapeutics Corporation;0,005342446;0,060707988
Stryker Corporation;0,167435161;0,06054569
Newmont Corporation;0,133080736;0,060508418
Nutrien Ltd.;0,053454656;0,060466475
BOC Hong Kong (Holdings) Limited;0,007740641;0,060433722
Electronic Arts Inc.;0,017140459;0,060301444
Assurant Inc.;0,071731861;0,060238149
Prysmian S.p.A.;0,010784654;0,05984178
Mitsubishi Electric Corp.;0,095859504;0,05982183
Bank Leumi Le-Israel B.M.;0,005167865;0,059638223
Mercedes-Benz Group AG;0,068880806;0,059602373
Bunge Global SA;0,002385068;0,059445382
DSM-Firmenich AG;0,002534709;0,059349749
International Paper Company;0,063225951;0,059156152
Reckitt Benckiser Group plc;0,110664775;0,059148922
NXP Semiconductors NV;0,103547639;0,059044156
FTAI Aviation Ltd.;0,014660881;0,059029906
NEC Corporation;0,030684282;0,058980648
Nextracker Inc. Class A;0,002742106;0,058929079
Schneider Electric SE;0,211711835;0,058747493
CrowdStrike Holdings Inc. Class A;0,161390452;0,058729873
BT Group plc;0,081469027;0,058694774
OceanaGold Corporation;0,00215273;0,058627485
Marks and Spencer Group plc;0,001320516;0,058613296
Sysco Corporation;0,098396838;0,058554224
Nordea Bank Abp;0,066071755;0,058552958
Advanced Drainage Systems Inc.;0,006048647;0,058348999
MS&AD Insurance Group Holdings Inc.;0,09392861;0,057939143
Eiffage SA;0,00416107;0,057836591
Airbnb Inc. Class A;0,087518987;0,057639073
Dollarama Inc.;0,003348546;0,05753431
Viatris Inc.;0,003646515;0,057312329
Masimo Corporation;0,005788744;0,057091324
Rio Tinto Limited;0,049011368;0,057009317
Principal Financial Group Inc.;0,001380898;0,056950715
Broadridge Financial Solutions Inc.;0,003588759;0,056871275
Cigna Group;0,153576303;0,056284523
KeyCorp;0,002727667;0,056256783
KBC Group N.V.;0,003621575;0,056052409
ITT Inc.;0,091309893;0,055897759
Autoliv Inc.;0,005102233;0,055621638
Fairfax Financial Holdings Limited;0,018018615;0,05557358
O'Reilly Automotive Inc.;0,117783224;0,055368529
Unum Group;0,016366001;0,055331254
Aon Plc Class A;0,132971787;0,055114755
Admiral Group plc;0,001409776;0,054817886
Geberit AG;0,014431169;0,054418135
Pool Corporation;0,019942946;0,054025202
Ryohin Keikaku Co. Ltd.;0,023026338;0,05401334
Builders FirstSource Inc.;0,006426687;0,053976211
Bankinter SA;0,020961555;0,053883316
Legal & General Group Plc;0,061422383;0,053637855
Veeva Systems Inc Class A;0,117842293;0,053513452
Woolworths Group Ltd;0,066413042;0,053464261
Asics Corporation;0,015788439;0,053204718
Bank Hapoalim BM;0,003851287;0,05309086
Banca Monte dei Paschi di Siena S.p.A.;0,002629219;0,053062854
Old Republic International Corporation;0,012435955;0,052955225
DexCom Inc.;0,05741883;0,052905578
Toll Brothers Inc.;0,007144702;0,052884659
Credit Agricole SA;0,006584204;0,052881828
Tourmaline Oil Corp.;0,001135434;0,052633495
Stride Inc.;0,006783726;0,052565411
Ally Financial Inc;0,00236144;0,052557922
Kyndryl Holdings Incorporation;0,001292951;0,052502379
FAST RETAILING CO. LTD.;0,044027272;0,052226179
Komatsu Ltd.;0,097607941;0,052185424
Erste Group Bank AG;0,016493327;0,052116096
Hermes International SCA;0,083934166;0,052085297
Five Below Inc.;0,002911436;0,052001785
Aena SME SA;0,002945565;0,051843914
Armstrong World Industries Inc.;0,017551315;0,051529008
Centene Corporation;0,022482905;0,051380798
Aviva plc;0,10264848;0,051072789
T. Rowe Price Group;0,090857032;0,05092343
Constellation Energy Corporation;0,132763077;0,050581983
American Financial Group Inc.;0,006450315;0,050512459
Hewlett Packard Enterprise Co.;0,070462537;0,05047514
Nintendo Co. Ltd.;0,113198171;0,05044074
Vonovia SE;0,014558495;0,050413304
Textron Inc.;0,0237181;0,05024156
APA Corporation;0,001195815;0,05022325
Colgate-Palmolive Company;0,09811462;0,050183287
SLM Corp;0,009664971;0,050078457
TransDigm Group Incorporated;0,113761294;0,049953437
First Solar Inc.;0,0149536;0,04977105
Shopify Inc. Class A;0,257606994;0,04948104
PayPal Holdings Inc.;0,122289519;0,048697055
Pan Pacific International Holdings Corporation;0,015785814;0,048687004
Continental AG;0,005406766;0,048618452
DuPont de Nemours Inc.;0,057127423;0,048504179
Starbucks Corporation;0,135485493;0,048445551
Evolution Mining Limited;0,007593625;0,04844291
Fox Corporation Class A;0,044784666;0,048376847
Coles Group Ltd.;0,007215584;0,048040218
Julius Baer Gruppe AG;0,002470389;0,047948416
Jazz Pharmaceuticals Public Limited Company;0,039972526;0,047756474
Seibu Holdings Inc.;0,028359596;0,047709972
Resona Holdings Inc.;0,01437735;0,047601292
Marvell Technology Inc.;0,088030917;0,04752792
Coca-Cola Consolidated Inc.;0,008160685;0,047497311
WH Group Ltd. (HK);0,00254521;0,047481816
Danske Bank A/S;0,083193837;0,047302434
Modine Manufacturing Company;0,002882558;0,047295385
Block Inc. Class A;0,076209277;0,047253154
CaixaBank SA;0,014297279;0,047208615
Saia Inc.;0,002192109;0,047058391
Loblaw Companies Limited;0,001126245;0,046870703
Covestro AG TEMP;0,006911052;0,046790491
BorgWarner Inc.;0,005166553;0,046614237
Hilton Worldwide Holdings Inc.;0,091867765;0,046398052
ATI Inc.;0,001513474;0,046262905
WESCO International Inc.;0,00152135;0,046158398
Atlas Copco AB Class A;0,04071023;0,046061305
Danone SA;0,122168756;0,045902284
Getlink SE;0,003592697;0,045837304
Alamos Gold Inc.;0,008164623;0,045833739
East Japan Railway Company;0,09946664;0,045661893
Sumitomo Mitsui Trust Group Inc.;0,004529922;0,045634508
GoDaddy Inc. Class A;0,00201359;0,045501058
Graco Inc.;0,022715242;0,045464049
Israel Discount Bank Limited Class A;0,001727435;0,045446753
Expand Energy Corporation;0,008957458;0,045293283
Legrand SA;0,122919586;0,045243981
Kraft Heinz Company;0,003229095;0,04511258
BAE Systems plc;0,124072085;0,044898133
Donaldson Company Inc.;0,006479193;0,044886866
Teck Resources Limited Class B;0,055506313;0,044885441
Thermo Fisher Scientific Inc.;0,29276738;0,044649157
NTT Inc;0,010990738;0,04457556
HF Sinclair Corporation;0,000662883;0,044508642
CDW Corporation;0,003429929;0,04442205
Arrow Electronics Inc.;0,004451164;0,044319234
Mondelez International Inc. Class A;0,091439844;0,044276082
Northern Star Resources Ltd;0,007681572;0,044185167
Central Japan Railway Company;0,067472343;0,04416756
Affirm Holdings Inc. Class A;0,019625287;0,04407593
Curtiss-Wright Corporation;0,06267858;0,04401316
Swedbank AB Class A;0,099369505;0,043995537
A. O. Smith Corporation;0,006298049;0,043799226
Fidelity National Financial Inc. - FNF Group;0,077695186;0,043738752
CBRE Group Inc. Class A;0,146646874;0,043681046
Frontier Communications Parent Inc.;0,002022779;0,043644043
Suzuki Motor Corp.;0,008685742;0,043604115
Skandinaviska Enskilda Banken AB Class A;0,108294147;0,043209478
AutoZone Inc.;0,089755726;0,042955923
Banco BPM SpA;0,099815802;0,042943041
Sandvik AB;0,109054166;0,042937366
Bank of Ireland Group Plc;0,003769903;0,042914262
Live Nation Entertainment Inc.;0,004537798;0,04271714
Warner Bros. Discovery Inc. Series A;0,021301529;0,042580932
JB Hi-Fi Limited;0,081472965;0,042539806
Microchip Technology Incorporated;0,065827604;0,042518843
Enbridge Inc.;0,110425875;0,042511595
Auto Trader Group PLC;0,068140477;0,042478249
AIB Group plc;0,002056908;0,042463382
Skyworks Solutions Inc.;0,002290558;0,042391036
Gildan Activewear Inc.;0,002858931;0,042327563
Teva Pharmaceutical Industries Limited Sponsored ADR;0,017910978;0,042252526
HCA Healthcare Inc;0,092709167;0,042062931
XPO Inc.;0,006112966;0,041987197
Nitto Denko Corp.;0,005765117;0,04195819
Mitsui & Co.Ltd;0,099618906;0,041897384
Lonza Group AG;0,071053226;0,041635304
Ebara Corporation;0,000368852;0,041565308
Toyota Tsusho Corp.;0,007517492;0,04140143
Pandora A/S;0,001940083;0,041345592
Air Lease Corporation Class A;0,015822568;0,041314571
Lyft Inc. Class A;0,002096287;0,04125525
Teradyne Inc.;0,007497802;0,041221718
Equinox Gold Corp.;0,003310479;0,04113003
Axon Enterprise Inc;0,106863369;0,041006657
Coca-Cola Europacific Partners plc;0,003091268;0,040880402
Lear Corporation;0,002973131;0,04087846
Alcon AG;0,070105499;0,040838924
SEI Investments Company;0,002467764;0,040680233
Monolithic Power Systems Inc.;0,071578282;0,040624579
Biogen Inc.;0,068237612;0,040585692
Northrop Grumman Corp.;0,157503723;0,040522941
V.F. Corporation;0,001547603;0,040498387
Universal Health Services Inc. Class B;0,008256508;0,040490508
SCOR SE;0,005847813;0,040416453
Whitecap Resources Inc.;0,052972917;0,040405106
Mosaic Company;0,002782798;0,04030237
Subaru Corporation;0,004285771;0,040299438
First Horizon Corporation;0,007703887;0,040295571
Vulcan Materials Company;0,054629469;0,040278145
Centrica plc;0,005551156;0,040105102
DNB Bank ASA;0,007462361;0,040067011
Imperial Oil Limited;0,028083942;0,040028285
nVent Electric plc;0,062574881;0,039992562
Sempra;0,022476342;0,039823823
UNIPOL ASSICURAZIONI SPA;0,021020624;0,039749254
Howmet Aerospace Inc.;0,05861202;0,039746145
Dow Inc.;0,033271497;0,039685981
Ciena Corporation;0,008914141;0,039616732
Woodward Inc.;0,001697244;0,039587228
Hubbell Incorporated;0,00301776;0,039507552
Canadian National Railway Company;0,057275752;0,039451248
Pure Storage Inc. Class A;0,01038036;0,039417514
Neurocrine Biosciences Inc.;0,050257064;0,039412431
ARC Resources Ltd.;0,005456646;0,03931448
Keysight Technologies Inc;0,004569301;0,039261774
Carlyle Group Inc;0,003100457;0,039261758
Suncorp Group Limited;0,001210254;0,039229537
SoftBank Corp.;0,067993461;0,039196414
Sun Life Financial Inc.;0,088219937;0,039170849
SGS SA;0,003935296;0,039086527
Tokyo Electron Ltd.;0,102091921;0,038998206
Saab AB Class B;0,012429392;0,038956637
Ecolab Inc.;0,133695052;0,038904155
Manhattan Associates Inc.;0,073888529;0,038898009
Cintas Corporation;0,047627845;0,038845768
Hannover Rueck SE;0,001013358;0,038805207
Intact Financial Corporation;0,014519116;0,03838459
Grand Canyon Education Inc.;0,016010275;0,038322109
Molson Coors Beverage Company Class B;0,000723265;0,038279371
Arthur J. Gallagher & Co.;0,07917847;0,037921557
InterDigital Inc.;0,005467147;0,037859199
Expedia Group Inc.;0,010402675;0,037820923
Swiss Prime Site AG;0,002373254;0,037755614
Molina Healthcare Inc.;0,005969889;0,037728507
Fabrinet;0,014294654;0,037564008
Bridgestone Corporation;0,004841018;0,037563172
Renault SA;0,002601653;0,037558618
NetApp Inc.;0,090666699;0,037447902
Flughafen Zurich AG;0,003457495;0,03727928
Herc Holdings Inc.;0,00133233;0,037263532
Charter Communications Inc. Class A;0,051242857;0,037181883
Gartner Inc.;0,005131111;0,037114357
SkyWest Inc;0,002445449;0,03710537
Svenska Handelsbanken AB Class A;0,001181376;0,03703614
Insmed Incorporated;0,010831909;0,037001173
Cboe Global Markets Inc;0,009277742;0,036833112
Singapore Exchange Ltd.;0,003134585;0,036757011
Wolters Kluwer N.V.;0,003477184;0,036751814
SouthState Corporation;0,000660258;0,036665057
Inpex Corporation;0,002320748;0,036656437
AMETEK Inc.;0,003198905;0,036645357
Storebrand ASA;0,013012204;0,036588176
ACS Actividades de Construccion y Servicios SA;0,008092428;0,036523513
MARA Holdings Inc.;0,004346152;0,036315881
Cardinal Health Inc.;0,017233656;0,036111757
Humana Inc.;0,049222703;0,036041077
Western Alliance Bancorp;0,002087098;0,035978922
ResMed Inc.;0,099954942;0,035903637
Yokogawa Electric Corp.;0,006846732;0,035808355
Floor & Decor Holdings Inc. Class A;0,001807506;0,035761099
Waters Corporation;0,005678482;0,035693716
DENSO CORPORATION;0,072868607;0,035631535
Hongkong Land Holdings Limited;0,002782798;0,035502173
Brookfield Corporation;0,158892497;0,035472565
Carvana Co. Class A;0,056110127;0,035464974
AGCO Corporation;0,005194118;0,035418098
Clean Harbors Inc.;0,000850591;0,035252488
Asahi Kasei Corporation;0,005040539;0,035112077
Magna International Inc.;0,059099009;0,035004702
Liberty Media Corporation Series C Liberty Formula One;0,002113351;0,034977336
UCB S.A.;0,022234816;0,034922213
Twilio Inc. Class A;0,010969736;0,034866084
Zions Bancorporation NA;0,001338893;0,034865058
Fiserv Inc.;0,093257851;0,034766391
Lantheus Holdings Inc;0,000796773;0,034599093
First Quantum Minerals Ltd.;0,009659721;0,034548641
West Japan Railway Company;0,004330401;0,034342485
Novonesis A/S Class B;0,010161149;0,034316955
Protector Forsikring ASA;0,00298757;0,034316952
Yangzijiang Shipbuilding (Holdings) Ltd.;0,02170976;0,034270199
West Pharmaceutical Services Inc.;0,053575419;0,034141376
CoStar Group Inc.;0,080745762;0,034028139
Recruit Holdings Co. Ltd.;0,132146136;0,034016447
CarMax Inc.;0,003587446;0,03400601
FactSet Research Systems Inc.;0,001306077;0,033957858
CNO Financial Group Inc.;0,007186706;0,033787314
Medpace Holdings Inc.;0,001586982;0,033768485
Labcorp Holdings Inc.;0,001904641;0,033562455
Dycom Industries Inc.;0,001761563;0,033503251
Columbia Banking System Inc.;0,006368931;0,033495879
Primoris Services Corporation;0,006265233;0,03347933
Emerson Electric Co.;0,164115493;0,033464833
Transurban Group Ltd.;0,013316737;0,033441881
Cal-Maine Foods Inc.;0,005162615;0,033218421
Chocoladefabriken Lindt & Spruengli AG Partizipsch.;0,015856696;0,033130429
Clorox Company;0,000823026;0,032688264
Kuehne & Nagel International AG;0,001379585;0,032601354
NewMarket Corporation;0,005452708;0,032544414
Lithia Motors Inc.;0,005590536;0,032487889
GATX Corporation;0,011393719;0,032468883
New Gold Inc.;0,005293879;0,032440662
Avnet Inc.;0,002857618;0,032255006
Skechers U.S.A. Inc. Class A;0,001077678;0,032239236
Ingersoll Rand Inc.;0,005394952;0,032222472
Daifuku Co. Ltd.;0,061595651;0,032051605
SanDisk Corp;0,00343518;0,031981425
Kontoor Brands Inc.;0,004768823;0,031940692
Installed Building Products Inc.;0,055066578;0,031909434
Plexus Corp.;0,002818239;0,031903835
Abercrombie & Fitch Co. Class A;0,00168543;0,031833795
AptarGroup Inc.;0,004356654;0,031753428
CAE Inc.;0,06164947;0,031735546
Gap Inc.;0,001466219;0,031690212
Jack Henry & Associates Inc.;0,045652321;0,031666145
Crocs Inc.;0,001185314;0,031659356
Howden Joinery Group PLC;0,000311096;0,03141441
Mitsubishi Chemical Group Corporation;0,00803861;0,031365894
Vestas Wind Systems A/S;0,027438123;0,031165288
Fox Corporation Class B;0,057806059;0,031007899
Everus Construction Group Inc.;0,002604279;0,030946361
Cabot Corporation;0,004825266;0,030808098
Range Resources Corporation;0,0019834;0,030763742
Ipsen SA;0,018523982;0,030745781
Fresenius SE & Co. KGaA;0,10129121;0,030632376
Carrier Global Corp.;0,073668005;0,030550768
Swissquote Group Holding Ltd.;0,005019537;0,030541546
ENEOS Holdings Inc.;0,007303531;0,030391107
Mueller Water Products Inc. Class A;0,004378968;0,030384359
Commercial Metals Company;0,055032449;0,030300626
Kinsale Capital Group Inc.;0,038262155;0,030282804
Clal Insurance Enterprises Holdings Limited;0,002893059;0,030014935
Antero Resources Corporation;0,001478033;0,029981606
Gaztransport & Technigaz SA;0,016056218;0,029936662
MEG Energy Corp.;0,003051889;0,02988749
T&D Holdings Inc.;0,004146631;0,029841373
Ferrari NV;0,029316511;0,029839961
Kering SA;0,051069588;0,029813355
Just Eat Takeaway.com N.V.;0,004739945;0,029811071
Wise PLC Class A;0,002207861;0,029734856
Church & Dwight Co. Inc.;0,050012912;0,029638355
Mitsui Fudosan Co. Ltd.;0,104084509;0,029573451
Astellas Pharma Inc.;0,055378986;0,029561592
Coeur Mining Inc.;0,004502357;0,02956067
Genuine Parts Company;0,005251874;0,029553108
Fortuna Mining Corp.;0,003093893;0,02953604
Bancorp Inc;0,001741874;0,029111427
Hong Kong Exchanges & Clearing Ltd.;0,132961286;0,029049494
Fidelity National Information Services Inc.;0,085108979;0,029018581
Adyen NV;0,053630549;0,028996629
AutoNation Inc.;0,011981782;0,028823286
Mattel Inc.;0,036765745;0,028814216
Johnson Controls International plc;0,149585876;0,028802918
CSL Limited;0,093757967;0,028769959
Sun Hung Kai Properties Limited;0,000637943;0,028556079
Piper Sandler Companies;0,01266698;0,028554271
Argan Inc.;0,006082776;0,028492052
Incyte Corporation;0,059181706;0,028491267
B2Gold Corp.;0,005452708;0,028489705
News Corporation Class A;0,000425295;0,028443824
Canadian Pacific Kansas City Limited;0,074186498;0,028423465
Experian PLC;0,109030538;0,028384423
Waste Connections Inc.;0,006956994;0,028320646
STERIS plc;0,003448306;0,028314418
Endesa S.A.;0,004166321;0,028288166
JAPAN POST INSURANCE Co. Ltd.;0,011139067;0,028275882
Yum! Brands Inc.;0,097156393;0,028095332
Mohawk Industries Inc.;0,001367771;0,028094021
Alkermes Public Limited Company;0,015665051;0,028074115
GameStop Corp. Class A;0,01018609;0,028051726
Jones Lang LaSalle Incorporated;0,003113583;0,02793899
Archrock Inc.;0,004140068;0,027866191
Watsco Inc.;0,004611306;0,027782401
TTM Technologies Inc.;0,017182463;0,027702877
Fluor Corporation;0,013402059;0,027696569
Schindler Holding Ltd. Pref;0,010249096;0,027629736
Rockwell Automation Inc.;0,099688476;0,027468942
Hera S.p.A.;0,008390398;0,027461592
Lundin Mining Corporation;0,002769671;0,027305323
Orica Limited;0,007219522;0,02727542
Kesko Oyj Class B;0,01740955;0,027253548
Bank OZK;0,044594333;0,027251908
Isuzu Motors Limited;0,009391942;0,027101763
Panasonic Holdings Corporation;0,063817952;0,026976588
Becton Dickinson and Company;0,100113772;0,026934164
Amadeus IT Group SA Class A;0,090401545;0,026929506
Fortune Brands Innovations Inc.;0,053087116;0,02691448
Shimizu Corporation;0,006893987;0,026855726
Radian Group Inc.;0,004885648;0,026818771
Sika AG;0,050173055;0,026785711
Somnigroup International Inc.;0,002294495;0,026772332
Regis Resources Limited;0,001831133;0,026718644
Magnolia Oil & Gas Corp. Class A;0,008299825;0,026700492
Edison International;0,013984871;0,026638917
Fair Isaac Corporation;0,076806529;0,026453761
Comerica Incorporated;0,001428153;0,02644043
Snowflake Inc.;0,083024506;0,026425052
Thor Industries Inc.;0,01605228;0,026380206
St. James's Place Plc;0,008851134;0,026378005
Techtronic Industries Co. Ltd.;0,005450083;0,026223772
Enagas SA;0,00191908;0,026193433
WSP Global Inc;0,001415026;0,026173869
Xylem Inc.;0,004919776;0,026172688
Macy's Inc.;0,003612386;0,026150356
Louisiana-Pacific Corporation;0,001361208;0,025957677
IAMGOLD Corporation;0,003420741;0,025952094
F5 Inc.;0,096355682;0,025817264
Sanmina Corporation;0,010670454;0,025780939
QXO Inc.;0,009071658;0,025743423
Volkswagen AG Pref;0,045501367;0,025724382
SoftBank Group Corp.;0,178261819;0,025668886
Bavarian Nordic A/S;0,000497491;0,025628695
Makita Corporation;0,001320516;0,025541662
Accelleron Industries AG;0,004384219;0,025504289
Super Micro Computer Inc.;0,024734083;0,025497965
Essity AB Class B;0,004619182;0,02549382
Taylor Morrison Home Corporation;0,007077757;0,025485666
Quilter Plc;0,005031351;0,025389136
Japan Post Bank Co. Ltd.;0,001652614;0,025208832
Republic Services Inc.;0,091887454;0,02515428
SKF AB Class B;0,000543433;0,025148751
Metro Inc.;0,01629118;0,025123234
Antofagasta plc;0,002600341;0,025122981
EDP S.A.;0,005439582;0,025110713
James Hardie Industries PLC Chess Units of Foreign Securities;0,003083392;0,025103468
Partners Group Holding AG;0,004641497;0,025055233
Pernod Ricard SA;0,006485756;0,024981516
Trex Company Inc.;0,001548916;0,024967586
Mitsubishi Estate Company Limited;0,018947964;0,024848621
EPAM Systems Inc.;0,003137211;0,024819601
Pinterest Inc. Class A;0,00780496;0,024808328
Industrivarden AB Class A;0,002186859;0,024807197
Sea Limited Sponsored ADR Class A;0,085796803;0,02479302
HOYA CORPORATION;0,11175558;0,024717948
JAPAN POST HOLDINGS Co. Ltd.;0,007997918;0,024669213
Otis Worldwide Corporation;0,005296504;0,024656271
UMB Financial Corporation;0,002496642;0,024603764
Telstra Group Limited;0,081932389;0,024575435
Agilent Technologies Inc.;0,00350475;0,024573342
Royal Gold Inc.;0,007894219;0,024554766
SSR Mining Inc;0,004038995;0,0245006
Eversource Energy;0,006830981;0,02448085
Astera Labs Inc.;0,022065485;0,024442828
Qualys Inc.;0,050001099;0,02441231
Elanco Animal Health Inc.;0,024640886;0,024364791
Bureau Veritas SA;0,008562353;0,024342292
Shin-Etsu Chemical Co Ltd;0,073557744;0,024307167
Keyence Corporation;0,0564396;0,024288839
Rightmove plc;0,000387229;0,024243669
George Weston Limited;0,006399122;0,024218178
Westinghouse Air Brake Technologies Corporation;0,105075553;0,024173917
CK Hutchison Holdings Ltd;0,055413115;0,024141715
Check Point Software Technologies Ltd.;0,013685589;0,024119894
Zimmer Biomet Holdings Inc.;0,075535893;0,024114501
Pembina Pipeline Corporation;0,001953209;0,024098237
IQVIA Holdings Inc;0,088055857;0,024091299
Atmus Filtration Technologies Inc.;0,005425143;0,024066345
NKT A/S;0,005350322;0,024024659
C.H. Robinson Worldwide Inc.;0,072669086;0,023982429
MSC Industrial Direct Co. Inc. Class A;0,007149952;0,023959467
Corcept Therapeutics Incorporated.;0,010590383;0,02391926
Nippon Yusen Kabushiki Kaisha;0,00381322;0,023900269
Palomar Holdings Inc.;0,004279208;0,023878324
Boliden AB;0,001157749;0,023855189
Arkema SA;0,003488998;0,023798898
Stellantis N.V.;0,02765077;0,023760483
Cameco Corporation;0,0272281;0,023715979
EMS-CHEMIE HOLDING AG;0,013454564;0,023666173
Akamai Technologies Inc.;0,052925662;0,023627172
Workday Inc. Class A;0,082180478;0,023613223
thyssenkrupp AG;0,009983943;0,02359194
Bandai Namco Holdings Inc.;0,004577177;0,0235255
Kirin Holdings Co. Ltd.;0,072843667;0,023472344
Singapore Telecommunications Limited;0,018560735;0,02346634
Cooper Companies Inc.;0,00102911;0,023462398
Northland Power Inc.;0,007455798;0,023448955
Terna S.p.A.;0,026128107;0,023442565
Franco-Nevada Corporation;0,114913792;0,023426197
Corpay Inc.;0,086122338;0,02338756
Games Workshop Group PLC;0,073419916;0,0233569
Barratt Redrow plc;0,003716085;0,023208042
Signet Jewelers Limited;0,001195815;0,023202152
Hong Kong & China Gas Co. Ltd.;0,066066505;0,023195825
Hydro One Limited;0,005860939;0,023187227
Telephone and Data Systems Inc.;0,001863949;0,023170811
Ackermans & van Haaren NV;0,002654159;0,023113231
Renesas Electronics Corporation;0,040544837;0,023045069
Chugai Pharmaceutical Co. Ltd.;0,049535111;0,022984262
Universal Music Group N.V.;0,057275752;0,022941991
Intertek Group plc;0,007341598;0,022873033
Leonardo SpA;0,011822952;0,022858808
Bellway p.l.c.;0,001688056;0,022788252
Assicurazioni Generali S.p.A.;0,11178052;0,022749406
Raiffeisen Bank International AG;0,010965798;0,022692786
Akzo Nobel N.V.;0,059776332;0,022673425
Matador Resources Company;0,000661571;0,022664745
ASM International N.V.;0,05395871;0,022652104
Zoom Communications Inc. Class A;0,004436725;0,022642164
Kawasaki Heavy Industries Ltd.;0,002434948;0,022533591
Illumina Inc.;0,006211414;0,022533455
Avery Dennison Corporation;0,000610378;0,022496975
Sanwa Holdings Corporation;0,013592391;0,022495639
Telia Company AB;0,003063703;0,022455964
Insight Enterprises Inc.;0,003664892;0,022381417
MP Materials Corp Class A;0,003020386;0,022376667
Atlas Copco AB Class B;0,058316676;0,022309901
Allegion Public Limited Company;0,094877649;0,022253433
Daiwa Securities Group Inc.;0,077716188;0,022213916
Boise Cascade Co.;0,002097599;0,022155843
Associated British Foods plc;0,005060229;0,022149547
SITC International Holdings Co. Ltd.;0,000796773;0,022117817
Knife River Corporation;0,001571231;0,022102851
Getinge AB Class B;0,009540271;0,022018279
CVS Health Corporation;0,147837439;0,021991321
Carpenter Technology Corporation;0,010851598;0,021933865
Lamb Weston Holdings Inc.;0,001365146;0,021872787
Stora Enso Oyj Class R;0,042672627;0,02179767
Technology One Limited;0,058317988;0,021790963
Nutanix Inc. Class A;0,011535484;0,021761741
PPG Industries Inc.;0,004943404;0,02174751
Tradeweb Markets Inc. Class A;0,009637406;0,021724194
BE Semiconductor Industries N.V.;0,020353802;0,021681273
Interactive Brokers Group Inc. Class A;0,026225243;0,021577944
Crane NXT Co.;0,002383755;0,021538557
Adtalem Global Education Inc.;0,000922786;0,021526872
Perseus Mining Limited;0,00072064;0,021496231
Insurance Australia Group Ltd;0,006309862;0,021489911
Booz Allen Hamilton Holding Corporation Class A;0,027224162;0,021478514
Marubeni Corporation;0,094121568;0,021379958
Cloudflare Inc Class A;0,073482923;0,021369476
Bouygues SA;0,003500812;0,021316377
Shizuoka Financial Group Inc.;0,011926651;0,021304486
ACADIA Pharmaceuticals Inc.;0,000792835;0,021274134
Yara International ASA;0,020996996;0,021250089
APA Group;0,004504982;0,021211234
A2A S.p.A.;0,004556175;0,02117604
Wheaton Precious Metals Corp;0,127478387;0,021175682
London Stock Exchange Group plc;0,061730853;0,021157737
Alnylam Pharmaceuticals Inc;0,11386368;0,021151413
Stantec Inc;0,084459222;0,021047042
Nippon Express Holdings Inc.;0,009315809;0,021024163
InPost S.A.;0,002354877;0,021018473
Belden Inc.;0,012115671;0,021009818
Rollins Inc.;0,008931205;0,021007868
Erie Indemnity Company Class A;0,001253572;0,020998558
Deutsche Lufthansa AG;0,001891515;0,020973858
Western Digital Corporation;0,004868583;0,020864025
Aroundtown SA;0,000862405;0,020827773
Rivian Automotive Inc. Class A;0,009101849;0,02081705
Telenor ASA;0,079870231;0,02081186
Eldorado Gold Corporation;0,011262455;0,020805191
Southwest Gas Holdings Inc.;0,008298513;0,020757004
Sino Land Co. Ltd.;0,001827195;0,020746396
Kellanova;0,073700821;0,020710783
M/I Homes Inc.;0,009050656;0,0207035
Mitsui Chemicals Inc.;0,01540121;0,020698991
Willis Towers Watson Public Limited Company;0,006966183;0,020626423
PTC Inc.;0,002207861;0,020565971
H&M Hennes & Mauritz AB Class B;0,022123242;0,020542639
Essent Group Ltd.;0,004413097;0,020477843
J.M. Smucker Company;0,000418732;0,02046847
Dell Technologies Inc. Class C;0,044675717;0,020426328
Euronet Worldwide Inc.;0,035436041;0,02039323
Landstar System Inc.;0,041547694;0,020377599
Kyocera Corporation;0,077607239;0,020322926
Parkland Corporation;0,002696163;0,020277263
Bayer AG;0,069124957;0,020238199
Aberdeen Group plc;0,000380666;0,020140539
Iridium Communications Inc.;0,000427921;0,020131821
AGC Inc.;0,011964717;0,020127131
Glacier Bancorp Inc.;0,003149024;0,020090401
Namura Shipbuilding Co. Ltd.;0,000597251;0,020010689
Robert Half Inc.;0,036873382;0,020003887
Keurig Dr Pepper Inc.;0,00252552;0,019949091
Tyson Foods Inc. Class A;0,0022223;0,019903317
Clas Ohlson AB Class B;0,000748205;0,019896927
Severn Trent Plc;0,009890746;0,019894545
Sandfire Resources Ltd;0,000540808;0,019846561
International Flavors & Fragrances Inc.;0,003154275;0,019783335
Resonac Holdings Corporation;0,010407926;0,019753657
bioMerieux SA;0,017913604;0,019666137
Liberty Broadband Corp. Class C;0,003047951;0,019662843
Qorvo Inc.;0,042246019;0,019662045
Crown Holdings Inc.;0,076318226;0,019642507
Valvoline Inc.;0,014865653;0,019572349
Snam S.p.A.;0,005480274;0,019538612
CK Asset Holdings Limited;0,006720719;0,0194617
Graphic Packaging Holding Company;0,005047102;0,01939279
Ringkjobing Landbobank A/S;0,012470084;0,019380199
Swire Pacific Limited Class A;0,022702116;0,019347415
Hancock Whitney Corporation;0,002390318;0,019341192
AMP Limited;0,00191383;0,019315507
KONE Oyj Class B;0,001197128;0,019296403
Elisa Oyj Class A;0,005352948;0,019263339
Hoegh Autoliners ASA;0,000392479;0,019261829
Warrior Met Coal Inc.;0,000405606;0,019194715
Patterson-UTI Energy Inc.;0,000456799;0,019171085
Weatherford International plc;0,001040924;0,019145704
Gjensidige Forsikring ASA;0,005967263;0,019137372
Rakuten Group Inc.;0,000400355;0,019096969
RH;0,000833527;0,019062205
Griffon Corporation;0,001965023;0,019041137
Ares Management Corporation;0,013633083;0,018979175
Powell Industries Inc.;0,000900471;0,018901744
VAT Group AG;0,041677646;0,01882955
Ramelius Resources Limited;0,003483748;0,018814356
Syensqo SA/NV;0,00488171;0,018764614
Onex Corporation;0,019658103;0,018724201
United Utilities Group PLC;0,003801407;0,018714426
LEG Immobilien SE;0,001362521;0,018667885
Halozyme Therapeutics Inc.;0,001720872;0,018603795
Advantest Corp.;0,077772632;0,018570266
Sandstorm Gold Ltd.;0,001025172;0,01856836
MSCI Inc. Class A;0,065197537;0,01856703
RBC Bearings Incorporated;0,023363687;0,018565478
Spire Inc.;0,007461048;0,018491771
Customers Bancorp Inc.;0,000469925;0,01843187
Kerry Group Plc Class A;0,000880782;0,018424758
CGI Inc. Class A;0,008624048;0,018414276
TFI International Inc.;0,003973363;0,01838406
Interface Inc.;0,001866575;0,018343729
Hess Midstream LP Class A;0,014469235;0,018231803
KB Home;0,014403603;0,018228225
Roper Technologies Inc.;0,018703813;0,018189949
Lundin Gold Inc.;0,014167328;0,018115406
Meritage Homes Corporation;0,047731543;0,018106108
Restaurant Brands International Inc.;0,003302603;0,018048269
Guidewire Software Inc.;0,010985488;0,018025111
Royalty Pharma Plc Class A;0,013424374;0,017976604
Nemetschek SE;0,002827427;0,01795413
Nordnet AB;0,009955065;0,01795324
ASSA ABLOY AB Class B;0,009931437;0,01793627
Sonic Healthcare Limited;0,003252723;0,017935855
Alleima AB;0,001274574;0,017881781
FUJIFILM Holdings Corp;0,086294294;0,017864286
YETI Holdings Inc.;0,00061169;0,017855615
Orange SA;0,008184313;0,017768839
Pro Medicus Ltd.;0,01147379;0,017766435
New Jersey Resources Corporation;0,00901784;0,017765846
Sumitomo Realty & Development Co. Ltd.;0,005012974;0,017735985
Deckers Outdoor Corporation;0,005601037;0,017723315
IES Holdings Inc.;0,003502125;0,017714999
Kingspan Group Plc;0,002461201;0,017663655
Roku Inc. Class A;0,004382906;0,017663129
Toyota Industries Corp.;0,007244462;0,017638733
Norsk Hydro ASA;0,057484462;0,017636459
Mizrahi Tefahot Bank Ltd;0,022007729;0,017606002
Avanza Bank Holding AB;0,002919312;0,0175524
Scatec ASA;0,006225853;0,017436871
Coloplast A/S Class B;0,001535789;0,017423384
Baxter International Inc.;0,044852923;0,017329349
Veolia Environnement SA;0,078128357;0,017321081
Niterra Co.Ltd.;0,002370629;0,017320676
Victoria's Secret & Company;0,000219211;0,017317997
Daiwa House Industry Co. Ltd.;0,003243534;0,017317443
Ferrovial SE;0,00939063;0,017316433
Timken Company;0,012976763;0,017259334
Bechtle AG;0,001676242;0,017243545
Glanbia Plc;0,001306077;0,017201622
Kyushu Electric Power CompanyIncorporated;0,009785734;0,017166716
F.N.B. Corporation;0,01665872;0,017138019
GE Healthcare Technologies Inc.;0,050473649;0,01712636
HENSOLDT AG;0,003491624;0,017085788
Socionext Inc.;0,000887345;0,017015339
MarketAxess Holdings Inc.;0,002253804;0,016973137
Fisher & Paykel Healthcare Corporation Limited;0,004602117;0,016908211
CNX Resources Corporation;0,00168018;0,016821606
Aurizon Holdings Ltd.;0,006897925;0,016811035
Qube Holdings Ltd.;0,010591696;0,016801146
Chewy Inc. Class A;0,005282065;0,016790889
Toray Industries Inc.;0,060653176;0,01675559
Brinker International Inc.;0,005146863;0,016716979
Roblox Corp. Class A;0,074677426;0,016709404
Mowi ASA;0,00100417;0,016686126
Pegasystems Inc.;0,003622888;0,01667738
IonQ Inc.;0,011027492;0,01666585
Disco Corporation;0,017108955;0,016664076
Badger Meter Inc.;0,001295576;0,016663848
Datadog Inc. Class A;0,059999481;0,016621219
Evonik Industries AG;0,014370787;0,016607032
Franklin Resources Inc.;0,076089827;0,016570802
Porsche Automobil Holding SE Pref;0,003716085;0,016566119
Nippon Sanso Holdings Corporation;0,006771912;0,016552378
Nissan Motor Co. Ltd.;0,002845804;0,016542071
AAK AB;0,010228094;0,016498827
Murata Manufacturing Co. Ltd.;0,080707696;0,016491569
Hims & Hers Health Inc. Class A;0,009847428;0,016484976
Seiko Epson Corp.;0,006673464;0,016465694
DSV A/S;0,064795869;0,016351646
Zillow Group Inc. Class C;0,008977148;0,016336725
Capstone Copper Corp.;0,001147248;0,016324856
Doximity Inc. Class A;0,007650068;0,016281327
Kobe Steel Ltd.;0,001130183;0,016274642
Koninklijke Heijmans N.V.;0,003143774;0,016268189
Givaudan SA;0,00761594;0,016261013
United Natural Foods Inc.;0,002438886;0,016222627
Konecranes Oyj;0,020448312;0,016189988
Solvay SA;0,001807506;0,016065908
Seagate Technology Holdings PLC;0,010413176;0,016032465
Kubota Corporation;0,062045887;0,01598936
Capgemini SE;0,065866983;0,015972355
Enerflex Ltd.;0,003859163;0,015938576
Orion Oyj Class B;0,016028652;0,015929181
Capricorn Metals Ltd;0,001611922;0,015909149
FinecoBank SpA;0,004841018;0,015874021
Huntington Ingalls Industries Inc.;0,004028493;0,015816346
VeriSign Inc.;0,001845572;0,015791155
Publicis Groupe SA;0,066365787;0,015729117
Mitsui O.S.K.LinesLtd.;0,005653542;0,015693729
Estee Lauder Companies Inc. Class A;0,02449387;0,015658127
Diodes Incorporated;0,002117289;0,015654422
Otsuka Holdings Co. Ltd.;0,006391246;0,01565362
Gold Road Resources Ltd;0,000757394;0,01559801
Taylor Wimpey plc;0,003513938;0,015501718
Keppel Ltd.;0,088700363;0,015500838
Persimmon Plc;0,002626593;0,015490078
Bio-Rad Laboratories Inc. Class A;0,003118834;0,015489774
Cavco Industries Inc.;0,007111886;0,015465289
Vontier Corp;0,001182689;0,015460973
CRISPR Therapeutics AG;0,003364297;0,015360808
Credo Technology Group Holding Ltd.;0,03903005;0,015275675
Oceaneering International Inc.;0,000985793;0,015254458
Trend Micro Incorporated;0,001644738;0,015222789
Epiroc AB Class A;0,076066199;0,015204697
Universal Technical Institute Inc.;0,001836384;0,015177008
Ricoh Company Ltd.;0,019052976;0,015142789
Hologic Inc.;0,030371874;0,015087752
Banque Cantonale Vaudoise;0,008425839;0,015025477
Ameris Bancorp;0,005670607;0,015010751
Mebuki Financial Group Inc.;0,006000079;0,014977289
Exponent Inc.;0,057203557;0,014925492
Bendigo & Adelaide Bank Ltd.;0,009107099;0,014871564
Brother Industries Ltd.;0,007911284;0,014860848
TopBuild Corp.;0,002971818;0,014850341
HP Inc.;0,078784678;0,014827971
Italgas SpA;0,006204851;0,01482623
Ajinomoto Co. Inc.;0,004146631;0,014824298
JBT Marel Corporation;0,007581811;0,014779863
WD-40 Company;0,006855921;0,014730441
BioMarin Pharmaceutical Inc.;0,002205236;0,014728981
SCREEN Holdings Co. Ltd;0,001060613;0,014716913
Brunswick Corporation;0,010603509;0,014716657
Associated Banc-Corp;0,07905902;0,014612783
Secom Co. Ltd.;0,027208411;0,014594005
Jet2 PLC;0,001441279;0,01458707
Home BancShares Inc.;0,010250409;0,014577181
DXC Technology Co.;0,000585438;0,014561854
Addtech AB Class B;0,001929581;0,014497437
Chiba Bank Ltd.;0,020319674;0,014487912
Dexerials Corp.;0,000426608;0,014455891
Toro Company;0,008663427;0,014454732
Littelfuse Inc.;0,000900471;0,014404746
Sapporo Holdings Limited;0,046964961;0,014378586
Align Technology Inc.;0,010606135;0,014351258
TBC Bank Group Plc;0,00168018;0,014350251
Ball Corporation;0,004000928;0,01434324
Dassault Systemes SE;0,04412572;0,014305404
Metso Corporation;0,001019922;0,014262527
Penumbra Inc.;0,005436957;0,014251853
Thales SA;0,001630299;0,014222944
Computershare Limited;0,006676089;0,014194013
Huhtamaki Oyj;0,001505599;0,014191661
WEX Inc.;0,057241623;0,014178237
Bentley Systems Incorporated Class B;0,070898334;0,014138882
Equifax Inc.;0,084409342;0,014131266
U-Haul Holding Company Series N Non-Voting;0,018961091;0,014103754
Valley National Bancorp;0,013535948;0,014071447
Merck KGaA;0,011577488;0,014066055
South Bow Corp;0,005830749;0,013988835
Odakyu Electric Railway Co. Ltd.;0,025960089;0,013974167
Whitbread PLC;0,00025859;0,013923453
Investec plc;0,008857698;0,013919089
SUMCO Corporation;0,004539111;0,013909586
SSAB AB Class B;0,014870903;0,013895282
Flowers Foods Inc.;0,01138453;0,013879288
Trade Desk Inc. Class A;0,041886356;0,013864822
Fastighets AB Balder Class B;0,001542352;0,013861782
Amundi SA;0,009479889;0,013847159
ASMPT Limited;0,001586982;0,013841063
Chemed Corporation;0,004713692;0,01380977
D'Ieteren Group SA/NV;0,009411632;0,013806046
Dutch Bros Inc. Class A;0,012109108;0,013797435
Cochlear Limited;0,001777315;0,013780937
Applied Digital Corporation;0,003130647;0,013778673
Wilmar International Limited;0,015255507;0,013740863
Qantas Airways Limited;0,003487686;0,013708145
Straumann Holding AG;0,001602734;0,013694341
American Eagle Outfitters Inc.;0,001012046;0,013676485
SM Energy Company;0,001551541;0,013573786
White Mountains Insurance Group Ltd;0,006376807;0,013570468
Johnson Matthey Plc;0,001999151;0,013491165
Dyno Nobel Limited;0,00166049;0,013488372
Open Text Corporation;0,05209476;0,013435086
Service Corporation International;0,004741257;0,013420348
Dover Corporation;0,09107493;0,013391586
Natera Inc.;0,015403835;0,013372215
Oji Holdings Corp.;0,010317354;0,013364317
Duolingo Inc. Class A;0,013629145;0,01334672
Weir Group PLC;0,001114432;0,013329531
SSE PLC;0,005851751;0,013307434
Beiersdorf AG;0,005545906;0,013262813
Isetan Mitsukoshi Holdings Ltd.;0,011216512;0,013248458
Murphy Oil Corporation;0,036571475;0,01321898
Solventum Corporation;0,006199601;0,013205917
Contact Energy Limited;0,065206725;0,013153841
Premium Brands Holdings Corp;0,003078142;0,013145991
USS Co. Ltd.;0,005216433;0,013127055
CapitaLand Investment Limited;0,053293201;0,013064462
General Mills Inc.;0,044109968;0,013014198
NOV Inc.;0,000672072;0,013000891
United Bankshares Inc.;0,00306239;0,012975856
Mettler-Toledo International Inc.;0,005065479;0,012972249
Lynas Rare Earths Limited;0,002068721;0,012969687
Atkore Inc;0,000410856;0,012964494
Heineken NV;0,036349638;0,012884082
MDU Resources Group Inc.;0,001370397;0,012819428
Valterra Platinum Limited;0,000441047;0,012751411
Mondi plc;0,004565363;0,012748995
Cembra Money Bank AG;0,007916534;0,012744746
Assured Guaranty Ltd.;0,009036217;0,012724431
VERBUND AG Class A;0,021329094;0,01269044
Zensho Holdings Co. Ltd.;0,001370397;0,012679186
Carlsberg AS Class B;0,067927829;0,012656152
Bunzl plc;0,009537645;0,012619691
DAIKIN INDUSTRIES LTD.;0,009533707;0,012601558
Castellum AB;0,001060613;0,012591675
B&M European Value Retail SA;0,003689832;0,012574293
Goosehead Insurance Inc. Class A;0,00306239;0,012497293
Kulicke & Soffa Industries Inc.;0,001676242;0,012489503
Acciona SA;0,002478265;0,012393084
REA Group Ltd;0,002725042;0,012336812
InterContinental Hotels Group PLC;0,085826994;0,012328702
Hulic Co. Ltd.;0,008495409;0,012303986
Choice Hotels International Inc.;0,007923098;0,012270309
Western Union Company;0,033818868;0,012256318
Kongsberg Gruppen ASA;0,005446145;0,012252142
COSMOS Pharmaceutical Corporation;0,000882094;0,012238002
Group 1 Automotive Inc.;0,004826579;0,012207203
Elia Group SA/NV;0,00574674;0,012177975
Universal Display Corporation;0,003500812;0,012157021
Sonoco Products Company;0,011553861;0,012015898
HubSpot Inc.;0,046165563;0,012015613
Roche Holding Ltd;0,012464833;0,011998067
Kintetsu Group Holdings Co. Ltd.;0,008184313;0,011989919
Hang Seng Bank Limited;0,077814636;0,01188565
SCSK Corporation;0,003818471;0,011776118
Franklin Electric Co. Inc.;0,008180375;0,011764433
Aurora Innovation Inc. Class A;0,006861171;0,0117049
Torex Gold Resources Inc.;0,003699021;0,011695042
Finning International Inc.;0,011515794;0,011695013
ICL Group Ltd.;0,002035905;0,011632529
TELUS Corporation;0,003198905;0,011620217
Siegfried Holding AG;0,001837697;0,011599247
Royal Unibrew A/S;0,044736098;0,011594893
Harley-Davidson Inc.;0,006678714;0,011587638
Berkeley Group Holdings plc;0,004863333;0,011579287
United Community Banks Inc.;0,004035057;0,011563492
Isracard Ltd.;0,000851904;0,011554739
AeroVironment Inc.;0,002536021;0,011544312
Teledyne Technologies Incorporated;0,077268578;0,011517167
Albemarle Corporation;0,02081979;0,01151369
Upstart Holdings Inc.;0,003534941;0,011511733
Mazda Motor Corp.;0,004550924;0,011502806
monday.com Ltd.;0,007915222;0,011491707
Frontdoor Inc.;0,007770831;0,011485921
Kyushu Railway Company;0,002194735;0,01147639
ONE Gas Inc.;0,005006411;0,011434311
Canadian Utilities Limited Class A;0,008677866;0,011418212
Onto Innovation Inc.;0,002970505;0,011406979
FirstCash Holdings Inc.;0,00988287;0,011384376
Sylvamo Corporation;0,001120995;0,011383419
Thomson Reuters Corporation;0,06485625;0,011301083
Bombardier Inc. Class B;0,005753303;0,011294673
AECOM;0,005951512;0,011293676
Selective Insurance Group Inc.;0,013738095;0,011290962
Terex Corporation;0,000706201;0,011221242
Per Aarsleff Holding A/S Class B;0,007484676;0,011207606
Sodexo SA;0,002163231;0,011180388
TOKYU CORPORATION;0,02281369;0,011175474
Generac Holdings Inc.;0,004662499;0,011156129
Asahi Group Holdings Ltd;0,050993455;0,011155096
Paylocity Holding Corp.;0,055837098;0,011142192
WK Kellogg Co.;0,000939851;0,011128977
Rational Aktiengesellschaft;0,009704351;0,01110354
Polaris Inc.;0,005671919;0,011039487
DaVita Inc.;0,001441279;0,011022951
Knight-Swift Transportation Holdings Inc. Class A;0,05807515;0,011022159
Henderson Land Development Co. Ltd.;0,018453099;0,011015139
MasTec Inc.;0,005451396;0,01098395
Kurita Water Industries Ltd.;0,001539727;0,010962753
Tosoh Corporation;0,00451417;0,010939465
Atlassian Corp Class A;0,053740811;0,010924879
Loomis AB;0,004850206;0,010847527
Insulet Corporation;0,059273591;0,010788627
K+S AG;0,00100942;0,010782993
Globalstar Inc.;0,000364914;0,010771682
Tenet Healthcare Corporation;0,00860042;0,010743087
Oscar Health Inc. Class A;0,001667053;0,010741092
NovoCure Ltd.;0,000368852;0,010674896
IBIDEN CO. LTD.;0,001315266;0,010653537
Zalando SE;0,000994981;0,010625347
Burberry Group plc;0,000519806;0,010617057
Spark New Zealand Limited;0,006924178;0,010578509
Power Corporation of Canada;0,00385785;0,010576856
Futu Holdings Ltd. Sponsored ADR Class A;0,005376575;0,010564645
TOPPAN Holdings Inc.;0,000350475;0,010545721
WillScot Holdings Corporation Class A;0,030698721;0,010519159
Lemonade Inc;0,004472166;0,010507924
Atlantic Union Bankshares Corporation;0,000292719;0,010503924
PureCycle Technologies Inc;0,000802023;0,010480776
LKQ Corporation;0,003843411;0,01046582
Brookfield Asset Management Ltd. Class A;0,097512118;0,010460607
Swatch Group Ltd. Bearer;0,005889818;0,010375522
Meridian Energy Limited;0,004573239;0,010337991
Sanrio Co. Ltd.;0,01208023;0,010318012
Cognex Corporation;0,010163775;0,010247813
SG Holdings Co. Ltd.;0,009508767;0,01022184
Santen Pharmaceutical Co. Ltd.;0,005433019;0,010188632
Rambus Inc.;0,00126276;0,010185189
Great-West Lifeco Inc.;0,011750757;0,010113569
IG Group Holdings plc;0,019664666;0,010108138
ArcBest Corporation;0,000791522;0,01010651
Oriental Land Co. Ltd.;0,012770679;0,010105614
APi Group Corporation;0,001651302;0,010033075
Sumitomo Rubber Industries Ltd.;0,002235427;0,010016881
ROUND ONE Corporation;0,002777547;0,009936558
Kansai Electric Power Company Incorporated;0,004770135;0,009907662
Global Payments Inc.;0,043041479;0,00989061
Empire Co Ltd Class A;0,019774928;0,009890163
Helmerich & Payne Inc.;0,000777083;0,009885711
Moderna Inc.;0,010124396;0,009859035
Gentex Corporation;0,05111553;0,009853664
Ampol Limited;0,015628297;0,009850656
Wisetech Global Ltd.;0,004258206;0,009815535
Nasdaq Inc.;0,002918;0,009811374
Upwork Inc.;0,001174813;0,009794245
Organo Corp.;0,000525056;0,009720712
Janus Henderson Group PLC;0,003294727;0,009714002
Autobacs Seven Co. Ltd.;0,00166049;0,009686426
Primo Brands Corporation Class A;0,052863967;0,009683247
Veralto Corporation;0,00850591;0,009677978
Brookfield Asset Management Ltd. Class A;0,097512118;0,009667448
A.P. Moller - Maersk A/S Class B;0,000892595;0,009638676
Descartes Systems Group Inc.;0,005549844;0,009628764
HUGO BOSS AG;0,005380513;0,009486986
Brink's Company;0,002324686;0,009461859
Zurn Elkay Water Solutions Corporation;0,049197763;0,009459474
Cirrus Logic Inc.;0,022094363;0,009441275
Gitlab Inc. Class A;0,001082928;0,009428324
Tyler Technologies Inc.;0,001920393;0,00941781
Bollore SE;0,004816078;0,009392274
Nichirei Corporation;0,001947958;0,009385403
Meiji Holdings Co. Ltd.;0,014537493;0,009322221
Zscaler Inc.;0,01135959;0,009320023
Enphase Energy Inc.;0,002046406;0,009297477
DocuSign Inc.;0,007307469;0,009286425
Greggs plc;0,034522443;0,009283312
Henkel AG & Co. KGaA Pref;0,075710474;0,009243748
BayCurrent Inc;0,012375574;0,00923446
Uranium Energy Corp.;0,000613003;0,00913654
Svenska Cellulosa AB SCA Class B;0,071605847;0,009125571
Toast Inc. Class A;0,016564209;0,009084544
CyberArk Software Ltd.;0,004529922;0,0090822
PBF Energy Inc. Class A;0,000416107;0,009079882
Nordson Corporation;0,001555479;0,009064093
Hikari Tsushin Inc.;0,002929813;0,009037154
Domino's Pizza Inc.;0,00308733;0,008997261
Brunello Cucinelli S.p.A.;0,002347001;0,008984394
Sumitomo Metal Mining Co. Ltd.;0,002194735;0,008935162
Umicore SA;0,002265617;0,008930894
Fugro NV;0,001244383;0,008905978
Netwealth Group Ltd.;0,000637943;0,008854795
Sampo Oyj;0,004633621;0,008838569
Bayerische Motoren Werke AG Pref;0,016314808;0,008819971
EBOS Group Limited;0,017903103;0,008810696
Capcom Co. Ltd.;0,002936377;0,008765457
ZOZO Inc.;0,000710138;0,008757696
ANDRITZ AG;0,002093661;0,008757335
Interparfums Inc.;0,001589608;0,008753848
Kao Corporation;0,084549794;0,008740877
Korn Ferry;0,0065422;0,008740662
Tri Pointe Homes Inc.;0,005196743;0,008665767
Sumitomo Forestry Co. Ltd.;0,005498651;0,008660663
ServisFirst Bancshares Inc;0,001814069;0,008644079
Azbil Corporation;0,004283146;0,008628315
FirstEnergy Corp.;0,006744346;0,008611313
Chart Industries Inc.;0,002028029;0,008566483
Saputo Inc.;0,006437189;0,008515594
Fortive Corp.;0,002369316;0,008494479
Pentair plc;0,092852245;0,00849434
Atkinsrealis Group Inc.;0,010316041;0,008484738
Charles River Laboratories International Inc.;0,003822409;0,008456149
Mobimo Holding AG;0,006418812;0,00843056
Bio-Techne Corporation;0,000976604;0,00842459
freenet AG;0,004128254;0,008376967
Fanuc Corporation;0,081574039;0,008376026
Limbach Holdings Inc.;0,002046406;0,008367917
SGH Limited;0,013251105;0,008357603
Camurus AB;0,009880244;0,008340481
HEICO Corporation Class A;0,006336115;0,008331813
MTR Corporation Limited;0,015327702;0,008309985
Nova Ltd.;0,003053202;0,008277584
Terumo Corporation;0,005744114;0,008267131
UPM-Kymmene Oyj;0,001793067;0,008221398
SiteOne Landscape Supply Inc.;0,001008108;0,008205071
Vend Marketplaces ASA Class B;0,00044761;0,008181906
Hecla Mining Company;0,000997607;0,008180098
HIROSE ELECTRIC CO. LTD.;0,001768127;0,008178939
ATCO Ltd. Class I;0,005419892;0,008163597
Madrigal Pharmaceuticals Inc.;0,002837929;0,00814156
Teleperformance SE;0,00243101;0,008122256
OTSUKA CORPORATION;0,014192268;0,008081042
EQT AB;0,002319436;0,008074445
Planet Fitness Inc. Class A;0,001472783;0,008070886
Nidec Corporation;0,050636417;0,008031876
Workiva Inc. Class A;0,046243009;0,008028668
Paramount Skydance Corporation Class B;0,001768127;0,007873609
Repligen Corporation;0,001862637;0,007824342
Science Applications International Corp.;0,017132583;0,007812913
Hexcel Corporation;0,012593472;0,00779467
Construction Partners Inc. Class A;0,003714772;0,007790769
Fukuoka Financial Group Inc.;0,002105475;0,00779037
Visional Inc.;0,000560497;0,007772472
Sage Group plc;0,005272877;0,007766135
Coherent Corp.;0,008190876;0,007714927
Mycronic AB;0,000476488;0,007649909
IDEX Corporation;0,019614786;0,007632967
Valmet Corp;0,013953368;0,007626042
Kyoto Financial GroupInc.;0,010272724;0,007603631
Lattice Semiconductor Corporation;0,001756313;0,007578374
Lazard Inc;0,018395343;0,007553059
SS&C Technologies Holdings Inc.;0,005864877;0,007540728
NuScale Power Corporation Class A;0,004077061;0,007534192
Trimble Inc.;0,002826115;0,007505154
Phoenix Financial Ltd;0,010137522;0,007495917
Westgold Resources Ltd;0,000572311;0,007487446
Alfa Laval AB;0,006053898;0,007483526
US Foods Holding Corp.;0,008282761;0,007441381
Tryg A/S;0,006851983;0,007440291
Quebecor Inc. Class B;0,005225621;0,007438223
Aeroports de Paris ADP;0,050043103;0,007417995
ASX Limited;0,003814533;0,007396879
Mercari Inc.;0,000212648;0,007394036
RB Global Inc.;0,009949814;0,007364519
Dolby Laboratories Inc. Class A;0,010352795;0,007351533
Porsche AG;0,001232569;0,007323371
Revvity Inc.;0,029170808;0,007304479
Kohl's Corporation;0,002054282;0,00729712
Ambu A/S Class B;0,000336036;0,007292078
Prestige Consumer Healthcare Inc;0,003424679;0,007288076
Nexstar Media Group Inc.;0,00637812;0,007278167
Amkor Technology Inc.;0,002143542;0,007254712
Shimano Inc.;0,001173501;0,00723878
Hexagon AB Class B;0,002988882;0,007230886
Kemper Corp;0,004220139;0,007216366
West Fraser Timber Co. Ltd.;0,007534556;0,007212304
Xero Limited;0,054679349;0,007184047
Century Communities Inc.;0,03830416;0,007176688
easyJet plc;0,00124307;0,007163888
PennyMac Financial Services Inc.;0,017273035;0,00708792
KBR Inc.;0,003319668;0,00708203
Hasbro Inc.;0,004762259;0,00707594
Orsted;0,00264497;0,007034897
Elbit Systems Ltd;0,00962953;0,007033893
Leidos Holdings Inc.;0,092659287;0,00702123
Shake Shack Inc. Class A;0,007903408;0,007013459
Ormat Technologies Inc.;0,010712458;0,006968321
Match Group Inc.;0,002136979;0,006933456
Lasertec Corp.;0,002991508;0,006919646
Axalta Coating Systems Ltd.;0,000733766;0,006912372
Westgold Resources Ltd;0,000572311;0,00689811
Axcelis Technologies Inc.;0,00055656;0,006873077
Leopalace21 Corporation;0,002764421;0,006850641
Omnicom Group Inc;0,077419532;0,00683788
Oracle Corporation Japan;0,003309166;0,006805361
Grab Holdings Limited Class A;0,003931358;0,006790418
Alamo Group Inc.;0,001046174;0,006734216
Wingstop Inc.;0,002273493;0,006732392
Brown-Forman Corporation Class B;0,000963478;0,006731328
Skyward Specialty Insurance Group Inc.;0,00118794;0,00671704
Shionogi & Co. Ltd.;0,004871209;0,006677276
Cellnex Telecom S.A.;0,004428849;0,006666788
Indutrade AB;0,000317659;0,006666271
Yamazaki Baking Co. Ltd.;0,000320284;0,006660454
Sectra AB Class B;0,004641497;0,006637851
Definity Financial Corp.;0,005559032;0,006637087
Vault Minerals Limited;0,001164312;0,006628794
Micronics Japan Co. Ltd.;0,002844492;0,006581101
Treasury Wine Estates Limited;0,004793763;0,006574359
Sekisui House Ltd.;0,023695785;0,006555657
PVH Corp.;0,001093429;0,006550679
NEXON Co. Ltd.;0,00212254;0,006547895
AAON Inc.;0,020891985;0,00650726
TOTO Ltd;0,012382137;0,006500024
GFL Environmental Inc;0,00488696;0,006460378
Stanley Black & Decker Inc.;0,00212254;0,006456964
MongoDB Inc. Class A;0,014679258;0,006451324
Rubrik Inc. Class A;0,020355115;0,006409201
Toho Co. Ltd.;0,00320153;0,006347356
Brown & Brown Inc.;0,001409776;0,00633607
IGO Limited;0,004428849;0,006331136
LY Corporation;0,000607753;0,006330538
Hikma Pharmaceuticals Plc;0,001737936;0,006314112
Austal Limited;0,001182689;0,006286974
Neste Corporation;0,005027413;0,00621865
Melrose Industries PLC;0,003607136;0,006196597
Darling Ingredients Inc;0,00651726;0,006152701
Select Water Solutions Inc. Class A;0,002735543;0,006138369
e.l.f. Beauty Inc.;0,002830053;0,00613593
BellRing Brands Inc.;0,001502973;0,006129518
Morningstar Inc.;0,001806193;0,006098646
SHIFT Inc.;0,000548684;0,006097655
ONO Pharmaceutical Co. Ltd.;0,004373718;0,006088813
Verra Mobility Corp. Class A;0,007517492;0,006057669
CCC Intelligent Solutions Holdings Inc;0,00897846;0,006012937
McCormick & Company Incorporated;0,002226238;0,005995178
Tokyo Ohka Kogyo Co. Ltd.;0,000321597;0,005957925
Suntory Beverage & Food Ltd.;0,004502357;0,005951456
Alten SA;0,001934832;0,005948777
Halma plc;0,007425607;0,005947729
Skylark Holdings Co. Ltd.;0,004921089;0,005938517
ROCKWOOL A/S Class B;0,021721574;0,005937703
Yamato Holdings Co. Ltd.;0,000922786;0,005867036
HKT Trust and HKT Ltd;0,010599571;0,005855287
SentinelOne Inc. Class A;0,001160374;0,005843292
Asmodee Group AB Class B;0,000211335;0,005840277
BKW AG;0,068017088;0,005823465
Roivant Sciences Ltd.;0,000897846;0,005820543
OBIC Co. Ltd.;0,012491086;0,005778948
Shift4 Payments Inc. Class A;0,001247008;0,005771573
Dynatrace Inc.;0,064655416;0,005756753
Teleflex Incorporated;0,002658097;0,005737626
Quest Diagnostics Incorporated;0,001233882;0,00570729
Marzetti Company;0,003884103;0,005691171
UiPath Inc. Class A;0,002370629;0,005684233
McDonald's Holdings Company (Japan) Ltd.;0,007678946;0,005684072
Danel (Adir Yeoshua) Ltd.;0,001806193;0,005659448
Vivendi SE;0,00145178;0,005659394
Whirlpool Corporation;0,020512632;0,005634615
Jeronimo Martins SGPS S.A.;0,004266081;0,0056304
Just Group plc;0,002445449;0,00561988
PAL GROUP Holdings Co. Ltd.;0,002549148;0,005617226
BILL Holdings Inc.;0,001568605;0,005611184
Atlas Arteria;0,007799709;0,005599734
Endeavour Group Ltd;0,00257015;0,005588163
SalMar ASA;0,000763957;0,00558239
Hormel Foods Corporation;0,008709369;0,005566769
Rentokil Initial plc;0,002761795;0,005557934
Truecaller AB Class B;0,001199753;0,005513949
Dropbox Inc. Class A;0,004636246;0,005484932
TransUnion;0,013080462;0,005449947
ROHM Company Limited;0,003141149;0,005449463
Elis SA;0,00235619;0,005435618
Ivanhoe Mines Ltd. Class A;0,030589772;0,005409005
ALS Ltd.;0,075858802;0,005403185
IAC Inc.;0,000778396;0,00537586
Wienerberger AG;0,007815461;0,005313764
Colliers International Group Inc.;0,001718246;0,005299185
Sealed Air Corporation;0,001457031;0,00527876
Temenos AG;0,001744499;0,005268709
Champion Iron Ltd.;0,000181144;0,005252651
American Water Works Company Inc.;0,009507455;0,005231529
JD Sports Fashion Plc;0,000994981;0,005226684
Yurtec Corporation;0,00257015;0,005220462
Graincorp Limited Class A;0,005629915;0,005202367
Embracer Group AB Class B;0,000154892;0,005190499
Symrise AG;0,006038146;0,005186524
Boyd Group Services Inc;0,002218362;0,005130259
FTI Consulting Inc.;0,001151186;0,005114198
Basilea Pharmaceutica AG;0,003361672;0,005098909
Sysmex Corporation;0,000825651;0,005092376
First Majestic Silver Corp.;0,00235619;0,005075428
EchoStar Corporation Class A;0,004258206;0,005065026
Barry Callebaut AG;0,004888273;0,005025268
Haemonetics Corporation;0,001543665;0,005015996
Sopra Steria Group SA;0,002512394;0,005000172
Sunrun Inc.;0,001325767;0,004981236
BridgeBio Pharma Inc.;0,001344144;0,004973446
Moncler SpA;0,000857154;0,004928232
Amphastar Pharmaceuticals Inc.;0,00020871;0,004925756
Edenred SA;0,000931975;0,004850249
Bruker Corporation;0,003219907;0,004828114
Beijer Ref AB Class B;0,002188172;0,004811743
A.P. Moller - Maersk A/S Class A;0,033833307;0,004784541
Shimadzu Corporation;0,00378828;0,00478057
Demant A/S;0,000254652;0,004748729
Penske Automotive Group Inc.;0,008974523;0,004745192
Wharf Real Estate Investment Company Limited;0,001737936;0,004729457
Monogatari Corporation;0,000305845;0,004711568
Parsons Corporation;0,013659336;0,004701403
Aalberts N.V.;0,003759402;0,004653283
Okta Inc. Class A;0,009923562;0,004634723
Simply Good Foods Co;0,005576096;0,004624061
Sonova Holding AG;0,051896551;0,004606498
Nissan Chemical Corporation;0,017297975;0,004605909
HealthEquity Inc;0,001537102;0,004579328
Cable One Inc.;0,001681492;0,004564008
PUMA SE;0,000171956;0,004526961
Shoals Technologies Group Inc. Class A;0,000288781;0,004524665
Mineral Resources Limited;0,001392711;0,004520387
Elastic NV;0,003288164;0,004462016
H.B. Fuller Company;0,019429703;0,004432467
Tetra Tech Inc.;0,006930741;0,004430678
Riot Platforms Inc.;0,00112362;0,004424959
Wix.com Ltd.;0,001462281;0,004424763
Sumitomo Chemical Co. Ltd.;0,001688056;0,004399677
Tutor Perini Corporation;0,003399739;0,004366674
Arcadis NV;0,001479346;0,004356575
SPS Commerce Inc.;0,012287627;0,004291136
Haseko Corporation;0,028469858;0,004283324
Akero Therapeutics Inc.;0,000673385;0,004271528
Samsara Inc. Class A;0,007262839;0,004263519
Resolute Mining Limited;0,000715389;0,004262256
Stellar Bancorp Inc.;0,00530963;0,00426199
GRAIL Inc;0,001285075;0,004261173
Bright Horizons Family Solutions Inc.;0,001266698;0,004256945
Delek Group Ltd.;0,006581579;0,004231172
Towa Corporation;0,000228399;0,004228122
Perrigo Co. Plc;0,005531467;0,004226571
Informa Plc;0,089321242;0,004208036
Toa Corporation (Construction);0,0022223;0,004205481
Wayfair Inc. Class A;0,002675161;0,004165742
Brookfield Wealth Solutions Ltd. Class A;0,002251178;0,004165004
Semtech Corporation;0,002622656;0,004157879
Unicharm Corporation;0,005320132;0,004156422
Exact Sciences Corporation;0,004806889;0,004118818
M&G Plc;0,001093429;0,004107526
Hyatt Hotels Corporation Class A;0,006903176;0,004105715
Schroders PLC;0,00991306;0,004095192
Zebra Technologies Corporation Class A;0,00357957;0,004088678
Allegro MicroSystems Inc.;0,003079454;0,004069805
Esquire Financial Holdings Inc.;0,001021234;0,004062129
Vistry Group PLC;0,00091491;0,004044598
Hiscox Ltd;0,018596177;0,004011234
Natural Grocers by Vitamin Cottage Inc.;0,002773609;0,003991534
Canal+ SA;0,001286388;0,003978709
Sinch AB;0,000459424;0,003978376
Koshidaka Holdings Co. Ltd.;0,001613235;0,003960953
FMC Corporation;0,015040234;0,003917095
Eurofins Scientific SE;0,00378828;0,00390642
Marqeta Inc. Class A;0,000930662;0,003876821
Aramark;0,003563819;0,003868167
Capri Holdings Limited;0,000441047;0,003865339
Sartorius AG Pref;0,003083392;0,003856646
Box Inc. Class A;0,009033591;0,003836674
Rohto Pharmaceutical Co. Ltd.;0,000592001;0,003832434
Peloton Interactive Inc. Class A;0,000383291;0,003802341
Ricoh Leasing CompanyLtd.;0,002155356;0,003739068
HOSHIZAKI Corp.;0,004430161;0,003726129
Henry Schein Inc.;0,003573007;0,003724764
Veritex Holdings Inc.;0,000371477;0,003707379
HelloFresh SE;0,001736623;0,003694051
Amplifon SpA;0,004279208;0,003691704
Teradata Corporation;0,001611922;0,003681454
Kobe Bussan Co. Ltd.;0,003962861;0,003666615
Infratil Limited;0,061414507;0,003653549
NSK Ltd.;0,002180296;0,003638108
FB Financial Corporation;0,00039773;0,003614
Nissin Foods Holdings Co. Ltd.;0,003899855;0,003608392
Seek Limited;0,007379664;0,003557605
H.I.S.Co. Ltd.;0,000454174;0,003555563
Interpublic Group of Companies Inc.;0,004011429;0,003547893
Tokai Holdings Corporation;0,001937457;0,003538529
PLUXEE N.V.;0,000763957;0,003530736
Phoenix Group Holdings plc;0,011858394;0,003518693
Dynavax Technologies Corporation;0,000546058;0,003477954
Harrow Inc.;0,001606672;0,003468644
Hemnet Group AB;0,000318972;0,003444292
Procore Technologies Inc;0,000928037;0,003414237
Nicolet Bankshares Inc.;0,072818727;0,003407024
Norwegian Air Shuttle ASA;0,001659177;0,0033862
James Hardie Industries PLC;0,000580187;0,003370822
Entegris Inc.;0,002403445;0,003334884
Siemens Healthineers AG;0,007441359;0,003329339
Worley Limited;0,013933678;0,003291516
Cleanaway Waste Management Ltd.;0,005859627;0,003281149
Travel + Leisure Co.;0,004491855;0,003265106
Symbotic Inc. Class A;0,000316346;0,003264612
OMRON Corporation;0,00264497;0,00326295
C3.ai Inc. Class A;0,000539495;0,003252962
CommScope Holding Co. Inc.;0,006143157;0,003247664
Unity Software Inc.;0,003348546;0,003236578
TriNet Group Inc.;0,004486605;0,003233804
LGI Homes Inc.;0,00624423;0,003226194
QuantumScape Corporation Class A;0,001005483;0,003222252
MEGMILK SNOW BRAND Co. Ltd.;0,00041742;0,003216159
Spectrum Brands Holdings Inc.;0,002353564;0,003194638
Toenec Corporation;0,002722416;0,003148234
Under Armour Inc. Class C;0,001283762;0,003136144
Transocean Ltd.;0,000530307;0,003079574
Regal Rexnord Corporation;0,045777022;0,003077091
Genky DrugStores Co. Ltd.;0,001099993;0,003053354
Snap Inc. Class A;0,003453557;0,003043803
Bank First Corp;0,071659666;0,003038103
Dowlais Group PLC;0,000480426;0,003003485
Tate & Lyle PLC;0,020910362;0,003000933
Nitori Holdings Co. Ltd.;0,000962165;0,00296818
Cytokinetics Incorporated;0,001181376;0,002925984
Hovnanian Enterprises Inc. Class A;0,001501661;0,002918289
Campbell's Company;0,003742338;0,002917428
Liberty Global Ltd. Class C;0,008584668;0,00290713
DENTSPLY SIRONA Inc.;0,0014019;0,002822542
Kikkoman Corporation;0,003650453;0,002815081
Asahi Intecc Co. Ltd.;0,001337581;0,002811848
Nippon Paint Holdings Co. Ltd.;0,005266313;0,002784247
Bowhead Specialty Holdings Inc.;0,000760019;0,00278413
Heineken Holding N.V.;0,009323685;0,002777034
Triumph Financial Inc.;0,000823026;0,002742387
Silgan Holdings Inc.;0,001777315;0,002720873
GXO Logistics Inc;0,001120995;0,002696749
Middlesex Water Company;0,000746892;0,002695267
TRE HOLDINGS CORPORATION;0,00171037;0,002692819
Keisei Electric Railway Co. Ltd.;0,000192958;0,002684947
Zehnder Group AG Class A;0,040076225;0,00263068
Bath & Body Works Inc.;0,000918848;0,002599127
Sensata Technologies Holding PLC;0,015674239;0,002593614
Ralliant Corporation;0,017920167;0,002507607
Peoples Bancorp Inc.;0,067103491;0,002498408
Array Technologies Inc;0,000640569;0,00247581
Essential Utilities Inc.;0,005016912;0,002459084
Planet Labs PBC Class A;0,001815382;0,002456956
Progress Software Corporation;0,001598796;0,002454866
Etsy Inc.;0,004679563;0,00244061
Confluent Inc. Class A;0,001522663;0,002428041
M3 Inc.;0,002676474;0,002428022
Ramsay Health Care Limited;0,004167633;0,002427636
BCE Inc.;0,001046174;0,002419897
Novanta Inc;0,000841403;0,002414314
Louis Hachette Group SA;0,000766582;0,002372225
Cohu Inc.;0,037047963;0,002354179
NIBE Industrier AB Class B;0,002763108;0,00234883
Nabors Industries Ltd.;0,000400355;0,002340248
Spirax Group plc.;0,00334592;0,002294791
Live Oak Bancshares Inc.;0,001077678;0,002283248
Hertz Global Holdings Inc;0,000698325;0,002278172
Ionis Pharmaceuticals Inc.;0,05125467;0,002271111
Noble Corporation PLC Class A;0,000490928;0,002262209
Teladoc Health Inc.;0,000683886;0,002256899
Sartorius Stedim Biotech SA;0,002010965;0,002243827
GCI Liberty Inc. Class C;0,000370165;0,002236873
Havas NV;0,000718014;0,00222222
DigitalBridge Group Inc. Class A;0,002325999;0,0022221
Yamada Holding Co. Ltd.;0,000262528;0,002222049
Serica Energy PLC;0,000593313;0,002219677
Avis Budget Group Inc.;0,000564435;0,002215735
Yakult Honsha Co. Ltd.;0,001984712;0,002159774
Hamamatsu Photonics K.K.;0,002080535;0,002139288
Shiseido CompanyLimited;0,004721568;0,002131312
IMCD N.V.;0,003066328;0,002095174
Cipher Mining Inc;0,002314185;0,002068824
Ashland Inc.;0,043012601;0,002041818
Avantor Inc.;0,037471946;0,002033851
Eisai Co. Ltd.;0,04239041;0,002016596
Unitil Corporation;0,000357038;0,002000968
SIG Group AG;0,000568373;0,001997295
ZIM Integrated Shipping Services Ltd.;0,001967648;0,001988571
Pitney Bowes Inc.;0,002710602;0,001972563
Neogen Corp;0,000212648;0,001962816
Yaskawa Electric Corporation;0,02301715;0,001941986
Conagra Brands Inc.;0,002694851;0,001929959
Investment AB Latour Class B;0,007299593;0,001929709
Cannae Holdings Inc.;0,05784675;0,001926352
Spirit AeroSystems Holdings Inc. Class A;0,001681492;0,001918723
Davide Campari-Milano N.V.;0,000287468;0,001855216
Viper Energy Inc.;0,018526607;0,001852027
ZoomInfo Technologies Inc;0,000756081;0,001841656
Six Flags Entertainment Corporation;0,003030887;0,001823068
Denali Therapeutics Inc.;0,000231025;0,001775672
Kornit Digital Ltd.;0,001216818;0,001758642
Croda International Plc;0,03559487;0,001695416
Novavax Inc.;0,001663115;0,001693181
BioCryst Pharmaceuticals Inc.;0,000732453;0,001669773
Mandatum Oyj;0,000564435;0,00163511
JELD-WEN Holding Inc.;0,000363601;0,001628226
IDP Education Ltd.;0,002581964;0,001609694
Aurinia Pharmaceuticals Inc.;0,000637943;0,001596942
MiMedx Group Inc.;0,000300595;0,001541681
Rogers Corporation;0,000288781;0,001460886
O-I Glass Inc;0,000597251;0,001426826
Ocado Group PLC;0,001670991;0,001421012
Eos Energy Enterprises Inc. Class A;0,004737319;0,001370915
Angi Inc Class A;0,000204772;0,001363885
Attendo AB;0,000690449;0,001283394
Amneal Pharmaceuticals Inc. Class A;0,000557872;0,001281545
Walgreens Boots Alliance Inc.;0,014731763;0,001280427
Remy Cointreau SA;0,001375647;0,001253476
AddLife AB Class B;0,004564051;0,001253286
Innodata Inc.;0,002501893;0,00123072
Clover Health Investments Corp. Class A;0,002448074;0,001120393
Wave Life Sciences Ltd.;0,000763957;0,001112103
RingCentral Inc. Class A;0,000460737;0,001104633
Lucid Group Inc.;0,000471238;0,001104389
SolarEdge Technologies Inc.;0,00051193;0,001064445
Praxis Precision Medicines Inc.;0,00116825;0,000942268
Applied Optoelectronics Inc.;0,000593313;0,000785018
Beam Therapeutics Inc.;0,000185082;0,000758785
Castle Biosciences Inc.;0,000284843;0,000745726
Embecta Corporation;0,000288781;0,000660282
Sarepta Therapeutics Inc.;0,000418732;0,000621092
Butterfly Network Inc. Class A;0,000598564;0,000601667
CompoSecure Inc. Class A;0,001290326;0,000534027
Rapid7 Inc.;0,000355726;0,000532238
Sabre Corporation;0,000429233;0,00053169
Lindblad Expeditions Holdings Inc.;0,002559649;0,000465235
Aveanna Healthcare Holdings Inc;0,001201066;0,000432887
Vestis Corporation;0,000212648;0,000426854
NCAB Group AB;0,000275654;0,000338055
Boozt AB;0,000219211;0,000306211
Surgical Science Sweden AB;0,000311096;0,000292217
Cimpress Plc;0,000643194;0,000257951
Redwire Corp;0,000592001;0,000221889
